Destiny's Child,The Writing's on the Wall,Say My Name,05 May 2020 22:00
TLC,FanMail,No Scrubs,05 May 2020 21:57
Doja Cat,Boss Bitch,Boss Bitch,05 May 2020 21:52
Beyoncé,B'Day,Check on It (feat. Bun B & Slim Thug),05 May 2020 21:49
Doja Cat,Hot Pink,Juicy,05 May 2020 21:49
Doja Cat,Hot Pink,Say So,05 May 2020 21:42
Normani,Motivation,Motivation,05 May 2020 21:38
Lizzo,Good As Hell,Good as Hell,05 May 2020 21:36
Willow,Ardipithecus,Wait a Minute!,05 May 2020 21:32
Ariana Grande,Dangerous Woman,Dangerous Woman,05 May 2020 21:28
Ariana Grande,Sweetener,God is a woman,05 May 2020 21:25
Rihanna,Bitch Better Have My Money,Bitch Better Have My Money,05 May 2020 21:21
Cardi B,Money,Money,05 May 2020 21:18
Mac Miller,Swimming,Self Care,05 May 2020 21:13
Doja Cat,Amala,Candy,05 May 2020 21:09
Beyoncé,B'Day,Check on It (feat. Bun B & Slim Thug),05 May 2020 21:06
Cardi B,Invasion of Privacy,Bodak Yellow,05 May 2020 21:02
Trubadurzy,Koncert Życzeń,Znamy się tylko z widzenia,05 May 2020 20:59
Trubadurzy,Koncert Życzeń,Znamy się tylko z widzenia,05 May 2020 20:57
Trubadurzy,Koncert Życzeń,Znamy się tylko z widzenia,05 May 2020 20:54
Britney Spears,Circus (Deluxe Version),Womanizer,05 May 2020 20:50
TLC,FanMail,No Scrubs,05 May 2020 20:46
Destiny's Child,The Writing's on the Wall,Say My Name,05 May 2020 20:25
Beyoncé,Lemonade,Formation,05 May 2020 20:23
Nicki Minaj,Pink Friday ... Roman Reloaded,Pound the Alarm,05 May 2020 20:19
JoJo,JoJo (2018),Leave (Get Out) - 2018,05 May 2020 20:14
Mariah Carey,Memoirs of an Imperfect Angel,Obsessed,05 May 2020 20:10
Destiny's Child,Survivor,Survivor,05 May 2020 20:06
Shaggy,The Boombastic Collection - Best of Shaggy,It Wasn't Me,05 May 2020 17:14
Shaggy,The Boombastic Collection - Best of Shaggy,It Wasn't Me,05 May 2020 17:10
Shaggy,The Boombastic Collection - Best of Shaggy,It Wasn't Me,05 May 2020 17:06
Golec uOrkiestra,Golec uOrkiestra 2,Ściernisko,05 May 2020 17:02
Andrzej Piaseczny,Spis rzeczy ulubionych,Chodz przytul przebacz,05 May 2020 16:56
Feel,Feel,Jak anio?a g?os,05 May 2020 16:52
Trubadurzy,Koncert Życzeń,Znamy się tylko z widzenia,05 May 2020 16:48
Trubadurzy,Koncert Życzeń,Znamy się tylko z widzenia,05 May 2020 16:45
Trubadurzy,Koncert Życzeń,Znamy się tylko z widzenia,05 May 2020 16:43
Trubadurzy,Koncert Życzeń,Znamy się tylko z widzenia,05 May 2020 16:40
Trubadurzy,Koncert Życzeń,Znamy się tylko z widzenia,05 May 2020 16:38
Trubadurzy,Koncert Życzeń,Znamy się tylko z widzenia,05 May 2020 16:35
YUNG BAE,Bad Boy,Bad Boy,05 May 2020 16:32
YUNG BAE,Bad Boy,Bad Boy,05 May 2020 16:31
Justin Timberlake,The 20/20 Experience - 2 of 2 (Deluxe),TKO,05 May 2020 14:58
Trubadurzy,Koncert Życzeń,Znamy się tylko z widzenia,05 May 2020 14:56
Trubadurzy,Koncert Życzeń,Znamy się tylko z widzenia,05 May 2020 14:53
Trubadurzy,Koncert Życzeń,Znamy się tylko z widzenia,05 May 2020 14:51
Trubadurzy,Koncert Życzeń,Znamy się tylko z widzenia,05 May 2020 14:49
Trubadurzy,Koncert Życzeń,Znamy się tylko z widzenia,05 May 2020 14:46
Trubadurzy,Koncert Życzeń,Znamy się tylko z widzenia,05 May 2020 14:44
Trubadurzy,Koncert Życzeń,Znamy się tylko z widzenia,05 May 2020 14:41
Trubadurzy,Koncert Życzeń,Znamy się tylko z widzenia,05 May 2020 14:39
Trubadurzy,Koncert Życzeń,Znamy się tylko z widzenia,05 May 2020 14:35
Trubadurzy,Koncert Życzeń,Znamy się tylko z widzenia,05 May 2020 14:33
Trubadurzy,Koncert Życzeń,Znamy się tylko z widzenia,05 May 2020 14:31
Rihanna,Music of the Sun,Pon de Replay,05 May 2020 06:40
Trubadurzy,Koncert Życzeń,Znamy się tylko z widzenia,05 May 2020 05:39
Trubadurzy,Koncert Życzeń,Znamy się tylko z widzenia,05 May 2020 05:37
Trubadurzy,Koncert Życzeń,Znamy się tylko z widzenia,05 May 2020 05:34
Trubadurzy,Koncert Życzeń,Znamy się tylko z widzenia,05 May 2020 05:32
Trubadurzy,Koncert Życzeń,Znamy się tylko z widzenia,05 May 2020 05:29
Trubadurzy,Koncert Życzeń,Znamy się tylko z widzenia,05 May 2020 05:27
Trubadurzy,Koncert Życzeń,Znamy się tylko z widzenia,05 May 2020 05:24
Trubadurzy,Koncert Życzeń,Znamy się tylko z widzenia,05 May 2020 05:22
Trubadurzy,Koncert Życzeń,Znamy się tylko z widzenia,05 May 2020 05:20
Trubadurzy,Koncert Życzeń,Znamy się tylko z widzenia,05 May 2020 05:17
Trubadurzy,Koncert Życzeń,Znamy się tylko z widzenia,05 May 2020 05:15
Trubadurzy,Koncert Życzeń,Znamy się tylko z widzenia,05 May 2020 05:12
Cardi B,Invasion of Privacy,Bodak Yellow,05 May 2020 05:04
Ashnikko,Hi It's Me,STUPID (feat. Yung Baby Tate),05 May 2020 05:02
Trubadurzy,Koncert Życzeń,Znamy się tylko z widzenia,05 May 2020 04:54
Meghan Trainor,Thank You (Deluxe Version),NO,05 May 2020 04:52
Meghan Trainor,Thank You (Deluxe Version),NO,05 May 2020 04:49
Mariah Carey,Memoirs of an Imperfect Angel,Obsessed,05 May 2020 04:46
Destiny's Child,The Writing's on the Wall,Say My Name,05 May 2020 04:41
TLC,FanMail,No Scrubs,05 May 2020 04:38
Lil Wayne,Tha Carter III,Lollipop,05 May 2020 03:37
Justin Timberlake,The 20/20 Experience - 2 of 2 (Deluxe),TKO,05 May 2020 03:30
Mig,Wymarzona,Miód Malina,05 May 2020 03:25
Golec uOrkiestra,Golec uOrkiestra 2,Ściernisko,05 May 2020 03:21
Golec uOrkiestra,Górą ty,Górą ty,05 May 2020 03:17
Ronnie Ferrari,Ona by tak chciała,Ona by tak chciała,05 May 2020 03:15
Boys,Najpiękniejsza Dziewczyno,Najpiękniejsza dziewczyno,05 May 2020 03:11
Trubadurzy,Koncert Życzeń,Znamy się tylko z widzenia,05 May 2020 03:09
Trubadurzy,Koncert Życzeń,Znamy się tylko z widzenia,05 May 2020 03:07
Lady Gaga,A Star Is Born Soundtrack (Without Dialogue),Shallow - Radio Edit,05 May 2020 03:02
Lady Gaga,A Star Is Born Soundtrack (Without Dialogue),Shallow - Radio Edit,05 May 2020 02:58
Lady Gaga,A Star Is Born Soundtrack (Without Dialogue),Shallow - Radio Edit,05 May 2020 02:54
Timbaland,Shock Value,The Way I Are,05 May 2020 02:51
Lil Wayne,Tha Carter III,A Milli,05 May 2020 02:47
Black Eyed Peas,The E.N.D. (The Energy Never Dies),Meet Me Halfway,05 May 2020 02:42
Black Eyed Peas,The E.N.D. (The Energy Never Dies),Rock That Body,05 May 2020 02:39
21 Savage,i am > i was,a lot,05 May 2020 02:34
Lil Wayne,Tha Carter III,Lollipop,05 May 2020 02:18
Justin Timberlake,The 20/20 Experience - 2 of 2 (Deluxe),TKO,05 May 2020 02:11
T.I.,Paper Trail,Whatever You Like,05 May 2020 02:07
Timbaland,Shock Value,The Way I Are,05 May 2020 02:04
Lil Wayne,Tha Carter III,A Milli,05 May 2020 02:00
Childish Gambino,Camp,Heartbeat,05 May 2020 01:54
Mac Miller,Swimming,Self Care,05 May 2020 01:48
Childish Gambino,Because the Internet,IV. Sweatpants,05 May 2020 01:45
TLC,FanMail,No Scrubs,05 May 2020 01:06
Mariah Carey,Memoirs of an Imperfect Angel,Obsessed,05 May 2020 01:02
Destiny's Child,The Writing's on the Wall,Say My Name,05 May 2020 00:57
TLC,FanMail,No Scrubs,05 May 2020 00:54
Childish Gambino,Because the Internet,IV. Sweatpants,05 May 2020 00:50
Black Eyed Peas,MAMACITA,Mamacita,05 May 2020 00:45
Doja Cat,Hot Pink,Like That (feat. Gucci Mane),05 May 2020 00:43
Childish Gambino,Camp,Heartbeat,05 May 2020 00:38
Childish Gambino,Because the Internet,IV. Sweatpants,05 May 2020 00:34
YUNG BAE,Bad Boy,Bad Boy,05 May 2020 00:32
Mac Miller,Swimming,Self Care,04 May 2020 22:48
Childish Gambino,Because the Internet,IV. Sweatpants,04 May 2020 22:44
Childish Gambino,Because the Internet,IV. Sweatpants,04 May 2020 22:41
TLC,FanMail,No Scrubs,04 May 2020 22:37
Mariah Carey,Memoirs of an Imperfect Angel,Obsessed,04 May 2020 22:33
Zayn,Mind of Mine (Deluxe Edition),wRoNg (feat. Kehlani),04 May 2020 22:30
Young Money,We Are Young Money,BedRock,04 May 2020 22:27
OneRepublic,Waking Up,All the Right Moves,04 May 2020 22:23
JAY-Z,The Blueprint 3,Run This Town,04 May 2020 22:18
Adam Lambert,For Your Entertainment,If I Had You,04 May 2020 22:14
Adam Lambert,For Your Entertainment,Whataya Want from Me,04 May 2020 22:11
Eminem,SHADYXV,Lose Yourself,04 May 2020 22:05
Eminem,Recovery,Love The Way You Lie,04 May 2020 22:01
Eminem,Recovery,Not Afraid,04 May 2020 21:57
Kevin Rudolf,To The Sky,You Make The Rain Fall,04 May 2020 21:54
Kevin Rudolf,In The City,Let It Rock,04 May 2020 21:50
Kevin Rudolf,To The Sky,I Made It (Cash Money Heroes),04 May 2020 21:46
Usher,Raymond v Raymond (Expanded Edition),OMG (feat. will.i.am),04 May 2020 21:41
Young Money,We Are Young Money,BedRock,04 May 2020 21:37
OneRepublic,Waking Up,All the Right Moves,04 May 2020 21:33
JAY-Z,The Blueprint 3,Run This Town,04 May 2020 21:28
Adam Lambert,For Your Entertainment,If I Had You,04 May 2020 21:24
Adam Lambert,For Your Entertainment,Whataya Want from Me,04 May 2020 21:20
Eminem,SHADYXV,Lose Yourself,04 May 2020 21:15
Destiny's Child,The Writing's on the Wall,Say My Name,04 May 2020 21:08
TLC,FanMail,No Scrubs,04 May 2020 21:04
Mariah Carey,Memoirs of an Imperfect Angel,Obsessed,04 May 2020 21:00
Destiny's Child,The Writing's on the Wall,Say My Name,04 May 2020 20:56
TLC,FanMail,No Scrubs,04 May 2020 20:52
Mariah Carey,Memoirs of an Imperfect Angel,Obsessed,04 May 2020 20:48
Britney Spears,Femme Fatale (Deluxe Version),Criminal,04 May 2020 20:45
Lana Del Rey,Norman Fucking Rockwell!,Doin' Time,04 May 2020 19:11
dust and moonlight,in love with a view (you),in love with a view (you),04 May 2020 19:09
Harry Styles,Watermelon Sugar,Watermelon Sugar,04 May 2020 19:06
Mac Miller,Swimming,Self Care,04 May 2020 17:31
Childish Gambino,Camp,Bonfire,04 May 2020 17:27
Childish Gambino,Because the Internet,IV. Sweatpants,04 May 2020 17:22
Cleo,Za Krokiem Krok,Za Krokiem Krok,04 May 2020 17:17
Childish Gambino,Camp,You See Me,04 May 2020 17:14
Childish Gambino,Camp,Bonfire,04 May 2020 17:11
Khalid,This Way,This Way,04 May 2020 17:07
SAINt JHN,Collection One,Roses,04 May 2020 16:01
SAINt JHN,Ghetto Lenny's Love Songs,Trap,04 May 2020 15:58
Rihanna,Bitch Better Have My Money,Bitch Better Have My Money,04 May 2020 15:54
Miguel,Goodbye Yellow Brick Road (Remastered / Deluxe Edition),Bennie And The Jets,04 May 2020 02:55
The Weeknd,After Hours,Blinding Lights,04 May 2020 02:52
Billie Eilish,WHEN WE ALL FALL ASLEEP WHERE DO WE GO?,listen before i go,04 May 2020 02:02
Billie Eilish,WHEN WE ALL FALL ASLEEP WHERE DO WE GO?,wish you were gay,04 May 2020 01:58
Billie Eilish,bitches broken hearts,bitches broken hearts,04 May 2020 01:55
Billie Eilish,everything i wanted,everything i wanted,04 May 2020 01:51
Billie Eilish,WHEN WE ALL FALL ASLEEP WHERE DO WE GO?,listen before i go,04 May 2020 01:47
Billie Eilish,WHEN WE ALL FALL ASLEEP WHERE DO WE GO?,wish you were gay,04 May 2020 01:44
Billie Eilish,bitches broken hearts,bitches broken hearts,04 May 2020 01:41
Billie Eilish,everything i wanted,everything i wanted,04 May 2020 01:36
Billie Eilish,WHEN WE ALL FALL ASLEEP WHERE DO WE GO?,listen before i go,04 May 2020 01:32
Billie Eilish,WHEN WE ALL FALL ASLEEP WHERE DO WE GO?,wish you were gay,04 May 2020 01:29
Billie Eilish,bitches broken hearts,bitches broken hearts,04 May 2020 01:26
Billie Eilish,everything i wanted,everything i wanted,04 May 2020 01:22
Billie Eilish,WHEN WE ALL FALL ASLEEP WHERE DO WE GO?,listen before i go,04 May 2020 01:17
Billie Eilish,WHEN WE ALL FALL ASLEEP WHERE DO WE GO?,wish you were gay,04 May 2020 01:14
Billie Eilish,bitches broken hearts,bitches broken hearts,04 May 2020 01:11
Billie Eilish,everything i wanted,everything i wanted,04 May 2020 01:07
Billie Eilish,WHEN WE ALL FALL ASLEEP WHERE DO WE GO?,listen before i go,04 May 2020 01:03
Billie Eilish,WHEN WE ALL FALL ASLEEP WHERE DO WE GO?,wish you were gay,04 May 2020 00:59
Billie Eilish,bitches broken hearts,bitches broken hearts,04 May 2020 00:56
Billie Eilish,everything i wanted,everything i wanted,04 May 2020 00:52
Billie Eilish,WHEN WE ALL FALL ASLEEP WHERE DO WE GO?,listen before i go,04 May 2020 00:48
Doja Cat,Amala,Candy,03 May 2020 21:40
MAYE,LA CANCIÓN,LA CANCIÓN,03 May 2020 21:36
Zayn,Mind of Mine (Deluxe Edition),wRoNg (feat. Kehlani),03 May 2020 21:33
Mac Miller,Swimming,Self Care,03 May 2020 19:59
Russ,Psycho Pt. 2,Psycho Pt. 2,03 May 2020 19:34
Sam Smith,Nirvana,Safe with Me,03 May 2020 19:31
Cleo,Za Krokiem Krok,Za Krokiem Krok,03 May 2020 19:27
Childish Gambino,Camp,You See Me,03 May 2020 19:24
Childish Gambino,Camp,Bonfire,03 May 2020 19:21
Khalid,This Way,This Way,03 May 2020 19:17
SAINt JHN,Collection One,Roses,03 May 2020 19:14
SAINt JHN,Ghetto Lenny's Love Songs,Trap,03 May 2020 19:11
Rihanna,Bitch Better Have My Money,Bitch Better Have My Money,03 May 2020 19:08
5 Seconds of Summer,Sounds Good Feels Good (Deluxe),She's Kinda Hot,03 May 2020 19:04
Jonas Brothers,Happiness Begins,Cool,03 May 2020 19:01
Billie Eilish,WHEN WE ALL FALL ASLEEP WHERE DO WE GO?,listen before i go,03 May 2020 18:57
Alina Baraz,The Color Of You,Floating (feat. Khalid),03 May 2020 18:54
Childish Gambino,Because the Internet,IV. Sweatpants,03 May 2020 18:54
Russ,ZOO,Missin You Crazy,03 May 2020 17:48
Russ,Psycho Pt. 2,Psycho Pt. 2,03 May 2020 17:46
Sam Smith,Nirvana,Safe with Me,03 May 2020 17:43
Cleo,Za Krokiem Krok,Za Krokiem Krok,03 May 2020 17:39
Childish Gambino,Because the Internet,IV. Sweatpants,03 May 2020 17:34
Childish Gambino,Because the Internet,IV. Sweatpants,03 May 2020 17:28
Childish Gambino,Because the Internet,IV. Sweatpants,03 May 2020 17:26
Childish Gambino,Because the Internet,IV. Sweatpants,03 May 2020 17:24
Lil Wayne,Tha Carter III,A Milli,03 May 2020 17:17
Travis Scott,ASTROWORLD,SICKO MODE,03 May 2020 17:13
JAY-Z,Top Five (Music From And Inspired By The Motion Picture),Ni**as In Paris,03 May 2020 17:10
Rob $tone,Chill Bill (feat. J. Davi$ & Spooks),Chill Bill (feat. J. Davi$ & Spooks),03 May 2020 17:08
50 Cent,Get Rich Or Die Tryin',P.I.M.P.,03 May 2020 17:04
Cardi B,Money,Money,03 May 2020 17:01
Ashnikko,Hi It's Me,STUPID (feat. Yung Baby Tate),03 May 2020 16:59
Beyoncé,B'Day,Check on It (feat. Bun B & Slim Thug),03 May 2020 16:57
Doja Cat,Boss Bitch,Boss Bitch,03 May 2020 16:54
Childish Gambino,Camp,Bonfire,03 May 2020 16:47
Childish Gambino,Camp,Bonfire,03 May 2020 16:44
tim legend,Tim Legend - Hope (feat. BRAVE),hope,03 May 2020 16:40
Childish Gambino,Because the Internet,IV. Sweatpants,03 May 2020 16:34
Black Eyed Peas,MAMACITA,Mamacita,03 May 2020 16:30
Doja Cat,Hot Pink,Like That (feat. Gucci Mane),03 May 2020 16:28
Miguel,Goodbye Yellow Brick Road (Remastered / Deluxe Edition),Bennie And The Jets,03 May 2020 16:22
Childish Gambino,Camp,Heartbeat,03 May 2020 16:18
Childish Gambino,Because the Internet,IV. Sweatpants,03 May 2020 16:15
Doja Cat,Amala,Candy,03 May 2020 16:10
MAYE,LA CANCIÓN,LA CANCIÓN,03 May 2020 16:07
Zayn,Mind of Mine (Deluxe Edition),wRoNg (feat. Kehlani),03 May 2020 16:03
Childish Gambino,Camp,Bonfire,03 May 2020 15:58
Childish Gambino,Camp,Bonfire,03 May 2020 15:55
Childish Gambino,Camp,Bonfire,03 May 2020 15:52
Childish Gambino,Because the Internet,IV. Sweatpants,03 May 2020 15:49
Doja Cat,Hot Pink,Like That (feat. Gucci Mane),03 May 2020 15:46
Mac Miller,Swimming,Self Care,03 May 2020 15:41
Miguel,Goodbye Yellow Brick Road (Remastered / Deluxe Edition),Bennie And The Jets,03 May 2020 15:36
Khalid,American Teen,Coaster,03 May 2020 15:36
Khalid,American Teen,Coaster,03 May 2020 15:32
Post Malone,Stoney (Deluxe),I Fall Apart,03 May 2020 15:28
Demi Lovato,Sober,Sober,03 May 2020 15:25
Khalid,American Teen,Coaster,03 May 2020 15:22
Khalid,American Teen,Coaster,03 May 2020 15:18
Billie Eilish,WHEN WE ALL FALL ASLEEP WHERE DO WE GO?,wish you were gay,03 May 2020 15:16
Billie Eilish,bitches broken hearts,bitches broken hearts,03 May 2020 15:13
Billie Eilish,everything i wanted,everything i wanted,03 May 2020 15:09
Billie Eilish,WHEN WE ALL FALL ASLEEP WHERE DO WE GO?,listen before i go,03 May 2020 02:44
Billie Eilish,WHEN WE ALL FALL ASLEEP WHERE DO WE GO?,wish you were gay,03 May 2020 02:41
Billie Eilish,bitches broken hearts,bitches broken hearts,03 May 2020 02:38
Billie Eilish,everything i wanted,everything i wanted,03 May 2020 02:34
Alina Baraz,The Color Of You,Floating (feat. Khalid),02 May 2020 19:16
Cigarettes After Sex,Cigarettes After Sex,Apocalypse,02 May 2020 19:11
Childish Gambino,Summer Pack,Summertime Magic,02 May 2020 19:07
Majid Jordan,All Over You,All Over You,02 May 2020 19:04
Dua Lipa,Don't Start Now,Don't Start Now,02 May 2020 17:31
Alphabeat,This Is Alphabeat,Go Go,02 May 2020 17:28
Rihanna,Bitch Better Have My Money,Bitch Better Have My Money,02 May 2020 17:23
Cardi B,Money,Money,02 May 2020 17:20
Cardi B,Invasion of Privacy,Bodak Yellow,02 May 2020 17:16
Sabrina Carpenter,Singular Act II,Looking at Me,02 May 2020 17:13
Doja Cat,Boss Bitch,Boss Bitch,02 May 2020 17:11
Doja Cat,Hot Pink,Juicy,02 May 2020 17:07
Beyoncé,B'Day,Check on It (feat. Bun B & Slim Thug),02 May 2020 17:04
Doja Cat,Hot Pink,Say So,02 May 2020 17:00
Normani,Motivation,Motivation,02 May 2020 16:56
Lizzo,Good As Hell,Good as Hell,02 May 2020 16:54
Willow,Ardipithecus,Wait a Minute!,02 May 2020 16:50
Ariana Grande,Dangerous Woman,Dangerous Woman,02 May 2020 16:46
Ariana Grande,Sweetener,God is a woman,02 May 2020 16:43
Cardi B,Money,Money,01 May 2020 04:57
Cardi B,Invasion of Privacy,Bodak Yellow,01 May 2020 04:54
Ashnikko,Hi It's Me,STUPID (feat. Yung Baby Tate),01 May 2020 04:51
Sabrina Carpenter,Singular Act II,Looking at Me,01 May 2020 04:48
Doja Cat,Boss Bitch,Boss Bitch,01 May 2020 04:45
Cleo,Za Krokiem Krok,Za Krokiem Krok,01 May 2020 04:45
Childish Gambino,Camp,You See Me,01 May 2020 03:08
Childish Gambino,Camp,Bonfire,01 May 2020 03:05
Khalid,This Way,This Way,01 May 2020 03:01
SAINt JHN,Collection One,Roses,01 May 2020 02:58
Childish Gambino,Camp,That Power,01 May 2020 02:39
Childish Gambino,Camp,Sunrise,01 May 2020 02:35
Childish Gambino,Camp,You See Me,01 May 2020 02:31
Young Thug,Hot (Remix) [feat. Gunna and Travis Scott],Hot (Remix) [feat. Gunna and Travis Scott],01 May 2020 02:27
Young Thug,Hot (Remix) [feat. Gunna and Travis Scott],Hot (Remix) [feat. Gunna and Travis Scott],01 May 2020 02:22
Calvin Harris,Promises (with Sam Smith),Promises (with Sam Smith),01 May 2020 01:39
Dean Lewis,Be Alright,Be Alright,01 May 2020 01:36
Post Malone,beerbongs & bentleys,Better Now,01 May 2020 01:32
Marshmello,Happier,Happier,01 May 2020 01:28
J. Cole,Cole World: The Sideline Story,Work Out,01 May 2020 01:01
Fetty Wap,Fetty Wap (Deluxe),Trap Queen,01 May 2020 00:57
Drake,Scorpion,In My Feelings,01 May 2020 00:53
Drake,Views,One Dance,01 May 2020 00:50
Fetty Wap,Fetty Wap (Deluxe),Again,01 May 2020 00:45
TLC,FanMail,No Scrubs,01 May 2020 00:42
Fetty Wap,Fetty Wap (Deluxe),My Way (feat. Monty),01 May 2020 00:38
Fetty Wap,Birthday (feat. Monty),Birthday (feat. Monty),01 May 2020 00:35
Fetty Wap,679 (feat. Remy Boyz),679 (Feat. Remy Boyz),01 May 2020 00:32
Pitbull,Global Warming: Meltdown (Deluxe Version),Feel This Moment (feat. Christina Aguilera),01 May 2020 00:26
Lizzo,Truth Hurts,Truth Hurts,01 May 2020 00:22
Kylie Minogue,Fever,Can't Get You Out of My Head,01 May 2020 00:17
A.R. Rahman,Jai Ho! (You Are My Destiny),Jai Ho! (You Are My Destiny),01 May 2020 00:14
Ciara,Goodies,One Two Step (Feat. Missy Elliott),01 May 2020 00:10
The Saturdays,Headlines,Higher,01 May 2020 00:06
Jamelia,Thank You,Superstar,01 May 2020 00:03
Mac Miller,Swimming,Self Care,30 Apr 2020 23:57
Doja Cat,Amala,Candy,30 Apr 2020 23:54
Mac Miller,Swimming,Self Care,30 Apr 2020 23:49
Billie Eilish,WHEN WE ALL FALL ASLEEP WHERE DO WE GO?,listen before i go,30 Apr 2020 23:45
Billie Eilish,WHEN WE ALL FALL ASLEEP WHERE DO WE GO?,wish you were gay,30 Apr 2020 23:41
Billie Eilish,bitches broken hearts,bitches broken hearts,30 Apr 2020 23:38
Billie Eilish,everything i wanted,everything i wanted,30 Apr 2020 23:34
Billie Eilish,WHEN WE ALL FALL ASLEEP WHERE DO WE GO?,listen before i go,30 Apr 2020 23:30
Billie Eilish,WHEN WE ALL FALL ASLEEP WHERE DO WE GO?,wish you were gay,30 Apr 2020 23:26
Billie Eilish,bitches broken hearts,bitches broken hearts,30 Apr 2020 23:23
Beyoncé,HOMECOMING: THE LIVE ALBUM,Crazy In Love - Homecoming Live,30 Apr 2020 22:03
Beyoncé,4,Love on Top,30 Apr 2020 21:59
Mac Miller,Swimming,Self Care,30 Apr 2020 21:53
Phony Ppl,Yesterday's Tomorrow,Why iii Love The Moon.,30 Apr 2020 21:49
Doja Cat,Amala,Candy,30 Apr 2020 21:46
Ariana Grande,Dangerous Woman,Into You,30 Apr 2020 21:01
Ariana Grande,thank u next,fake smile,30 Apr 2020 20:57
dust and moonlight,in love with a view (you),in love with a view (you),30 Apr 2020 20:54
Harry Styles,Watermelon Sugar,Watermelon Sugar,30 Apr 2020 20:51
Mac Miller,Swimming,Self Care,30 Apr 2020 20:45
Mac Miller,Swimming,Self Care,30 Apr 2020 20:39
Phony Ppl,Yesterday's Tomorrow,Why iii Love The Moon.,30 Apr 2020 20:33
Doja Cat,Amala,Candy,30 Apr 2020 20:30
Doja Cat,Amala,Candy,30 Apr 2020 20:28
Roddy Ricch,Please Excuse Me For Being Antisocial,Start Wit Me (feat. Gunna),30 Apr 2020 20:13
Roddy Ricch,Please Excuse Me For Being Antisocial,The Box,30 Apr 2020 15:19
Roddy Ricch,Please Excuse Me For Being Antisocial,The Box,30 Apr 2020 04:17
JAY-Z,The Blueprint 3,Run This Town,30 Apr 2020 04:14
Zayn,Mind of Mine (Deluxe Edition),fOoL fOr YoU,30 Apr 2020 04:10
Zayn,A Whole New World (End Title) [From Aladdin],A Whole New World (End Title) - From Aladdin,30 Apr 2020 04:01
Zayn,reputation Stadium Tour Surprise Song Playlist,I Don’t Wanna Live Forever (Fifty Shades Darker),30 Apr 2020 03:56
Zayn,Mind of Mine (Deluxe Edition),PILLOWTALK,30 Apr 2020 03:53
Zayn,Mind of Mine (Deluxe Edition),wRoNg (feat. Kehlani),30 Apr 2020 03:49
Miguel,Goodbye Yellow Brick Road (Remastered / Deluxe Edition),Bennie And The Jets,30 Apr 2020 03:44
Childish Gambino,Camp,Heartbeat,30 Apr 2020 03:39
Childish Gambino,Because the Internet,IV. Sweatpants,30 Apr 2020 03:36
Marc E. Bassy,PMD,Just My Luck,30 Apr 2020 01:26
Marc E. Bassy,Groovy People,Dirty Water,30 Apr 2020 01:23
Billie Eilish,everything i wanted,everything i wanted,30 Apr 2020 01:19
50 Cent,Get Rich Or Die Tryin',P.I.M.P.,30 Apr 2020 01:15
Childish Gambino,Camp,You See Me,30 Apr 2020 01:13
Childish Gambino,Camp,Bonfire,30 Apr 2020 01:08
Childish Gambino,Camp,You See Me,30 Apr 2020 01:04
Doja Cat,Hot Pink,Juicy,30 Apr 2020 01:01
Timbaland,Shock Value,The Way I Are,30 Apr 2020 00:57
Lil Wayne,Tha Carter III,A Milli,30 Apr 2020 00:54
Miguel,All I Want Is You,Girl With The Tattoo (Enter.Lewd),30 Apr 2020 00:52
Roddy Ricch,Please Excuse Me For Being Antisocial,The Box,30 Apr 2020 00:48
Miguel,War & Leisure,Sky Walker (feat. Travis Scott),30 Apr 2020 00:43
Joji,Sanctuary,Sanctuary,30 Apr 2020 00:40
Ant Clemons,Beep,Beep,30 Apr 2020 00:37
Sam Smith,To Die For (Acoustic),To Die For - Acoustic,30 Apr 2020 00:35
Ally Brooke,Lips Don't Lie (feat. A Boogie Wit da Hoodie),Lips Don't Lie (feat. A Boogie Wit da Hoodie),30 Apr 2020 00:33
Miguel,All I Want Is You,Sure Thing,30 Apr 2020 00:29
070 Shake,Guilty Conscience,Guilty Conscience,30 Apr 2020 00:26
Sam Smith,To Die For (Acoustic),To Die For - Acoustic,30 Apr 2020 00:22
Mac Miller,Circles (Deluxe),Right,30 Apr 2020 00:16
Mac Miller,K.I.D.S.,Kool Aid & Frozen Pizza,30 Apr 2020 00:13
Mac Miller,Circles,Circles,30 Apr 2020 00:11
Mac Miller,GO:OD AM,Weekend (feat. Miguel),30 Apr 2020 00:07
Mac Miller,Circles,Blue World,30 Apr 2020 00:04
Mac Miller,Circles (Deluxe),Floating,29 Apr 2020 23:59
Mac Miller,Swimming,Self Care,29 Apr 2020 23:54
Mac Miller,Swimming,Self Care,29 Apr 2020 23:53
Black Eyed Peas,MAMACITA,Mamacita,29 Apr 2020 22:01
Mac Miller,Circles,Good News,29 Apr 2020 18:01
Mac Miller,Circles,Woods,29 Apr 2020 17:57
Mac Miller,GO:OD AM,Weekend (feat. Miguel),29 Apr 2020 17:53
Bren Joy,Twenties,Henny in the Hamptons,29 Apr 2020 17:50
Ne-Yo,Year of the Gentleman (Bonus Track Edition),Closer,29 Apr 2020 17:46
DNCE,The Time Is Now!,What's Love Got To Do With It,29 Apr 2020 17:42
Majid Jordan,All Over You,All Over You,29 Apr 2020 17:26
Alphabeat,This Is Alphabeat,Go Go,29 Apr 2020 17:22
Rihanna,Bitch Better Have My Money,Bitch Better Have My Money,29 Apr 2020 17:15
Cardi B,Money,Money,29 Apr 2020 17:12
Ashnikko,Hi It's Me,STUPID (feat. Yung Baby Tate),29 Apr 2020 17:08
Sabrina Carpenter,Singular Act II,Looking at Me,29 Apr 2020 16:43
Madison Beer,As She Pleases,Dead,29 Apr 2020 16:39
Cardi B,Invasion of Privacy,Bodak Yellow,29 Apr 2020 16:35
Cardi B,Invasion of Privacy,I Like It,29 Apr 2020 16:31
Cardi B,Invasion of Privacy,I Like It,29 Apr 2020 16:25
Lizzo,Cuz I Love You (Super Deluxe),Truth Hurts,29 Apr 2020 16:22
PRETTYMUCH,Would You Mind,Would You Mind,29 Apr 2020 16:21
Cardi B,Invasion of Privacy,Bodak Yellow,29 Apr 2020 16:17
Ashnikko,Hi It's Me,STUPID (feat. Yung Baby Tate),29 Apr 2020 16:14
Sabrina Carpenter,Singular Act II,Looking at Me,29 Apr 2020 16:11
Doja Cat,Boss Bitch,Boss Bitch,29 Apr 2020 16:09
Doja Cat,Amala,Candy,29 Apr 2020 16:05
MAYE,LA CANCIÓN,LA CANCIÓN,29 Apr 2020 16:01
Zayn,Mind of Mine (Deluxe Edition),wRoNg (feat. Kehlani),29 Apr 2020 15:58
Lil Wayne,Tha Carter III,A Milli,29 Apr 2020 15:54
Miguel,Goodbye Yellow Brick Road (Remastered / Deluxe Edition),Bennie And The Jets,29 Apr 2020 15:49
Zayn,Mind of Mine (Deluxe Edition),fOoL fOr YoU,29 Apr 2020 15:46
Billie Eilish,WHEN WE ALL FALL ASLEEP WHERE DO WE GO?,listen before i go,29 Apr 2020 05:46
Billie Eilish,WHEN WE ALL FALL ASLEEP WHERE DO WE GO?,wish you were gay,29 Apr 2020 05:43
Billie Eilish,bitches broken hearts,bitches broken hearts,29 Apr 2020 05:40
Phony Ppl,Yesterday's Tomorrow,Why iii Love The Moon.,29 Apr 2020 05:33
Doja Cat,Amala,Candy,29 Apr 2020 05:30
MAYE,LA CANCIÓN,LA CANCIÓN,29 Apr 2020 05:26
Zayn,Mind of Mine (Deluxe Edition),wRoNg (feat. Kehlani),29 Apr 2020 05:23
Phony Ppl,Yesterday's Tomorrow,Why iii Love The Moon.,29 Apr 2020 05:16
Doja Cat,Amala,Candy,29 Apr 2020 05:13
Cardi B,Please Me,Please Me,29 Apr 2020 05:13
Zayn,Mind of Mine (Deluxe Edition),fOoL fOr YoU,29 Apr 2020 04:47
Cardi B,Please Me,Please Me,29 Apr 2020 01:01
Beyoncé,HOMECOMING: THE LIVE ALBUM,Crazy In Love - Homecoming Live,29 Apr 2020 00:59
Beyoncé,4,Love on Top,29 Apr 2020 00:54
Beyoncé,Dangerously in Love,Crazy in Love (feat. Jay-Z),29 Apr 2020 00:50
Zayn,Mind of Mine (Deluxe Edition),fOoL fOr YoU,29 Apr 2020 00:47
Britney Spears,Femme Fatale (Deluxe Version),Criminal,29 Apr 2020 00:43
Mariah Carey,The Emancipation of Mimi,We Belong Together,29 Apr 2020 00:40
Cardi B,Please Me,Please Me,29 Apr 2020 00:36
Beyoncé,HOMECOMING: THE LIVE ALBUM,Crazy In Love - Homecoming Live,29 Apr 2020 00:34
Beyoncé,4,Love on Top,29 Apr 2020 00:29
Beyoncé,Dangerously in Love,Crazy in Love (feat. Jay-Z),29 Apr 2020 00:25
Zayn,Mind of Mine (Deluxe Edition),fOoL fOr YoU,29 Apr 2020 00:22
Britney Spears,Femme Fatale (Deluxe Version),Criminal,29 Apr 2020 00:18
Mariah Carey,The Emancipation of Mimi,We Belong Together,29 Apr 2020 00:15
Cardi B,Please Me,Please Me,29 Apr 2020 00:11
Beyoncé,HOMECOMING: THE LIVE ALBUM,Crazy In Love - Homecoming Live,29 Apr 2020 00:08
Beyoncé,4,Love on Top,29 Apr 2020 00:04
Beyoncé,Dangerously in Love,Crazy in Love (feat. Jay-Z),29 Apr 2020 00:00
Avril Lavigne,Goodbye Lullaby (Expanded Edition),What the Hell,28 Apr 2020 23:57
Zayn,Mind of Mine (Deluxe Edition),fOoL fOr YoU,28 Apr 2020 23:57
Jonas Brothers,Happiness Begins,Cool,28 Apr 2020 21:26
Pentatonix,PTX Vol. IV - Classics,Can't Help Falling In Love,28 Apr 2020 21:23
Lana Del Rey,Born to Die - The Paradise Edition,Gods & Monsters,28 Apr 2020 21:19
dust and moonlight,in love with a view (you),in love with a view (you),28 Apr 2020 21:17
tim legend,Tim Legend - Hope (feat. BRAVE),hope,28 Apr 2020 21:14
SAINt JHN,Collection One,Roses,28 Apr 2020 21:11
SAINt JHN,Ghetto Lenny's Love Songs,Trap,28 Apr 2020 21:08
Miguel,Goodbye Yellow Brick Road (Remastered / Deluxe Edition),Bennie And The Jets,28 Apr 2020 21:03
Marina,Electra Heart (Deluxe),Radioactive,28 Apr 2020 20:52
Marina,The Family Jewels (Deluxe),Hermit The Frog,28 Apr 2020 20:49
Marina,Electra Heart,Lies,28 Apr 2020 20:45
Marina,Electra Heart (Deluxe),Bubblegum Bitch,28 Apr 2020 20:42
Marina,The Family Jewels (Deluxe),Oh No!,28 Apr 2020 20:39
Marina,Electra Heart (Deluxe),How to Be a Heartbreaker,28 Apr 2020 20:34
Shakira,El Dorado,Chantaje (feat. Maluma),28 Apr 2020 19:54
Luis Fonsi,Despacito (Featuring Daddy Yankee),Despacito,28 Apr 2020 19:50
CNCO,Reggaetón Lento (Remix),Reggaetón Lento (Remix),28 Apr 2020 19:47
Carlos Vives,El Dorado,La Bicicleta,28 Apr 2020 19:43
Luis Fonsi,Échame La Culpa,Échame La Culpa,28 Apr 2020 19:40
Enrique Iglesias,SUBEME LA RADIO (feat. Descemer Bueno & Zion & Lennox),SUBEME LA RADIO (feat. Descemer Bueno & Zion & Lennox),28 Apr 2020 19:37
Zayn,Mind of Mine (Deluxe Edition),wRoNg (feat. Kehlani),28 Apr 2020 19:32
Miguel,Goodbye Yellow Brick Road (Remastered / Deluxe Edition),Bennie And The Jets,28 Apr 2020 19:27
Beyoncé,4,Love on Top,28 Apr 2020 19:08
Beyoncé,Dangerously in Love,Crazy in Love (feat. Jay-Z),28 Apr 2020 18:44
Zayn,Mind of Mine (Deluxe Edition),fOoL fOr YoU,28 Apr 2020 18:13
Doja Cat,Hot Pink,Like That (feat. Gucci Mane),28 Apr 2020 03:43
Russ,ZOO,Missin You Crazy,28 Apr 2020 03:39
Russ,Psycho Pt. 2,Psycho Pt. 2,28 Apr 2020 03:37
Sam Smith,Nirvana,Safe with Me,28 Apr 2020 03:33
Cleo,Za Krokiem Krok,Za Krokiem Krok,28 Apr 2020 03:30
Childish Gambino,Camp,You See Me,28 Apr 2020 03:27
Childish Gambino,Camp,Bonfire,28 Apr 2020 03:23
Rihanna,Bitch Better Have My Money,Bitch Better Have My Money,28 Apr 2020 03:20
Khalid,This Way,This Way,28 Apr 2020 03:16
Billie Eilish,bitches broken hearts,bitches broken hearts,28 Apr 2020 03:13
Billie Eilish,bitches broken hearts,bitches broken hearts,28 Apr 2020 03:10
The Scotts,THE SCOTTS,THE SCOTTS,28 Apr 2020 03:07
Miguel,Goodbye Yellow Brick Road (Remastered / Deluxe Edition),Bennie And The Jets,28 Apr 2020 03:02
Childish Gambino,Camp,Heartbeat,28 Apr 2020 02:57
Childish Gambino,Because the Internet,IV. Sweatpants,28 Apr 2020 02:54
Black Eyed Peas,MAMACITA,Mamacita,28 Apr 2020 02:50
Doja Cat,Hot Pink,Like That (feat. Gucci Mane),28 Apr 2020 02:47
Russ,ZOO,Missin You Crazy,28 Apr 2020 02:43
Russ,Psycho Pt. 2,Psycho Pt. 2,28 Apr 2020 02:41
MAYE,LA CANCIÓN,LA CANCIÓN,28 Apr 2020 02:37
Doja Cat,Amala,Candy,28 Apr 2020 02:34
Zayn,Mind of Mine (Deluxe Edition),wRoNg (feat. Kehlani),28 Apr 2020 02:30
Miguel,Goodbye Yellow Brick Road (Remastered / Deluxe Edition),Bennie And The Jets,28 Apr 2020 02:25
J. Cole,Cole World: The Sideline Story,Work Out,28 Apr 2020 02:21
Childish Gambino,Camp,Heartbeat,28 Apr 2020 02:16
Childish Gambino,Camp,You See Me,28 Apr 2020 02:13
Phony Ppl,Yesterday's Tomorrow,Why iii Love The Moon.,28 Apr 2020 02:07
Frank Ocean,Blonde,Ivy,28 Apr 2020 02:03
Chance the Rapper,Coloring Book,Juke Jam (feat. Justin Bieber & Towkio),28 Apr 2020 01:59
J. Cole,Cole World: The Sideline Story,Work Out,28 Apr 2020 01:55
Miguel,Goodbye Yellow Brick Road (Remastered / Deluxe Edition),Bennie And The Jets,28 Apr 2020 01:50
Miguel,Rogue Waves,waves (feat. Kacey Musgraves) - Remix,28 Apr 2020 00:35
Sam Smith,Nirvana,Safe with Me,28 Apr 2020 00:30
Miguel,Goodbye Yellow Brick Road (Remastered / Deluxe Edition),Bennie And The Jets,28 Apr 2020 00:25
Childish Gambino,Camp,Heartbeat,28 Apr 2020 00:20
Childish Gambino,Because the Internet,IV. Sweatpants,28 Apr 2020 00:16
Black Eyed Peas,MAMACITA,Mamacita,28 Apr 2020 00:12
Doja Cat,Hot Pink,Like That (feat. Gucci Mane),28 Apr 2020 00:09
Russ,ZOO,Missin You Crazy,28 Apr 2020 00:06
Russ,Psycho Pt. 2,Psycho Pt. 2,28 Apr 2020 00:03
DNCE,DNCE,Good Day,28 Apr 2020 00:00
DNCE,dance,DANCE,27 Apr 2020 23:57
DNCE,DNCE,Body Moves,27 Apr 2020 23:53
Camila Cabello,Romance,My Oh My (feat. DaBaby),27 Apr 2020 23:50
DNCE,The Time Is Now!,What's Love Got To Do With It,27 Apr 2020 23:47
DNCE,Kissing Strangers,Kissing Strangers,27 Apr 2020 23:43
BLACKPINK,KILL THIS LOVE,KILL THIS LOVE,27 Apr 2020 23:40
Billie Eilish,bitches broken hearts,bitches broken hearts,27 Apr 2020 23:37
Rihanna,Bitch Better Have My Money,Bitch Better Have My Money,27 Apr 2020 23:33
Doja Cat,Hot Pink,Like That (feat. Gucci Mane),27 Apr 2020 23:30
Russ,ZOO,Missin You Crazy,27 Apr 2020 23:27
Miguel,Goodbye Yellow Brick Road (Remastered / Deluxe Edition),Bennie And The Jets,27 Apr 2020 23:21
Childish Gambino,Because the Internet,IV. Sweatpants,27 Apr 2020 23:18
Black Eyed Peas,MAMACITA,Mamacita,27 Apr 2020 23:14
Doja Cat,Hot Pink,Like That (feat. Gucci Mane),27 Apr 2020 23:11
Miguel,Goodbye Yellow Brick Road (Remastered / Deluxe Edition),Bennie And The Jets,27 Apr 2020 23:04
Childish Gambino,Because the Internet,IV. Sweatpants,27 Apr 2020 23:01
Doja Cat,Amala,Candy,27 Apr 2020 23:01
Russ,Psycho Pt. 2,Psycho Pt. 2,27 Apr 2020 21:57
Doja Cat,Amala,Candy,27 Apr 2020 19:38
MAYE,LA CANCIÓN,LA CANCIÓN,27 Apr 2020 19:34
Ally Brooke,Lips Don't Lie (feat. A Boogie Wit da Hoodie),Lips Don't Lie (feat. A Boogie Wit da Hoodie),27 Apr 2020 19:32
Miguel,Goodbye Yellow Brick Road (Remastered / Deluxe Edition),Bennie And The Jets,27 Apr 2020 19:25
Doja Cat,Amala,Candy,27 Apr 2020 19:22
Joji,Sanctuary,Sanctuary,27 Apr 2020 19:19
Zayn,Mind of Mine (Deluxe Edition),wRoNg (feat. Kehlani),27 Apr 2020 19:15
MAYE,LA CANCIÓN,LA CANCIÓN,27 Apr 2020 18:57
Childish Gambino,3.15.20,35.31,27 Apr 2020 18:55
Joji,Gimme Love,Gimme Love,27 Apr 2020 18:29
Childish Gambino,3.15.20,Algorhythm,27 Apr 2020 18:26
Childish Gambino,Camp,Bonfire,27 Apr 2020 18:22
Childish Gambino,Summer Pack,Feels Like Summer,27 Apr 2020 18:17
Childish Gambino,Because the Internet,IV. Sweatpants,27 Apr 2020 18:14
Childish Gambino,Because the Internet,II. No Exit,27 Apr 2020 17:59
Childish Gambino,Because the Internet,I. The Party,27 Apr 2020 17:57
Childish Gambino,Because the Internet,Playing Around Before the Party Starts,27 Apr 2020 17:56
Childish Gambino,Because the Internet,3005,27 Apr 2020 17:43
Childish Gambino,Because the Internet,IV. Sweatpants,27 Apr 2020 17:40
Childish Gambino,Because the Internet,II. Shadows,27 Apr 2020 17:37
Childish Gambino,Because the Internet,I. The Worst Guys,27 Apr 2020 17:34
Childish Gambino,Because the Internet,Dial up,27 Apr 2020 17:33
Childish Gambino,Because the Internet,II. Worldstar,27 Apr 2020 17:29
Childish Gambino,Because the Internet,I. Crawl,27 Apr 2020 17:25
Billie Eilish,WHEN WE ALL FALL ASLEEP WHERE DO WE GO?,wish you were gay,27 Apr 2020 17:07
Miguel,Goodbye Yellow Brick Road (Remastered / Deluxe Edition),Bennie And The Jets,27 Apr 2020 17:02
Zayn,Mind of Mine (Deluxe Edition),wRoNg (feat. Kehlani),27 Apr 2020 16:58
Zayn,Mind of Mine (Deluxe Edition),PILLOWTALK,27 Apr 2020 16:55
Tori Kelly,Hollow,Hollow,27 Apr 2020 16:51
Zayn,Mind of Mine (Deluxe Edition),fOoL fOr YoU,27 Apr 2020 16:48
Billie Eilish,lovely (with Khalid),lovely (with Khalid),27 Apr 2020 16:44
Billie Eilish,bitches broken hearts,bitches broken hearts,27 Apr 2020 16:41
Billie Eilish,everything i wanted,everything i wanted,27 Apr 2020 16:37
Billie Eilish,WHEN WE ALL FALL ASLEEP WHERE DO WE GO?,listen before i go,27 Apr 2020 16:33
Billie Eilish,WHEN WE ALL FALL ASLEEP WHERE DO WE GO?,wish you were gay,27 Apr 2020 16:29
Billie Eilish,bitches broken hearts,bitches broken hearts,27 Apr 2020 16:27
Miguel,Goodbye Yellow Brick Road (Remastered / Deluxe Edition),Bennie And The Jets,27 Apr 2020 05:32
Roddy Ricch,Please Excuse Me For Being Antisocial,The Box,27 Apr 2020 05:28
Selena Gomez,Bad Liar,Bad Liar,27 Apr 2020 05:24
SAINt JHN,Collection One,God Bless the Internet,27 Apr 2020 05:20
Billie Eilish,everything i wanted,everything i wanted,27 Apr 2020 05:12
Billie Eilish,WHEN WE ALL FALL ASLEEP WHERE DO WE GO?,listen before i go,27 Apr 2020 05:07
Billie Eilish,WHEN WE ALL FALL ASLEEP WHERE DO WE GO?,wish you were gay,27 Apr 2020 05:04
Billie Eilish,bitches broken hearts,bitches broken hearts,27 Apr 2020 05:01
Adam Lambert,For Your Entertainment,Whataya Want from Me,26 Apr 2020 20:47
5 Seconds of Summer,Sounds Good Feels Good (Deluxe),She's Kinda Hot,26 Apr 2020 20:44
Jonas Brothers,Happiness Begins,Cool,26 Apr 2020 20:41
Avril Lavigne,Goodbye Lullaby (Expanded Edition),What the Hell,26 Apr 2020 20:37
Billie Eilish,WHEN WE ALL FALL ASLEEP WHERE DO WE GO?,listen before i go,26 Apr 2020 20:33
Lana Del Rey,Born to Die - The Paradise Edition,Gods & Monsters,26 Apr 2020 20:29
LANY,Make Out,ILYSB - STRIPPED,26 Apr 2020 20:25
Post Malone,Stoney (Deluxe),Deja Vu,26 Apr 2020 20:21
The Neighbourhood,Wiped Out!,Daddy Issues,26 Apr 2020 20:17
Lana Del Rey,Born to Die,Summertime Sadness,26 Apr 2020 20:13
Pentatonix,PTX Vol. IV - Classics,Can't Help Falling In Love,26 Apr 2020 20:10
Lana Del Rey,Norman Fucking Rockwell!,Doin' Time,26 Apr 2020 20:06
dust and moonlight,in love with a view (you),in love with a view (you),26 Apr 2020 20:04
Harry Styles,Watermelon Sugar,Watermelon Sugar,26 Apr 2020 20:02
Miguel,Goodbye Yellow Brick Road (Remastered / Deluxe Edition),Bennie And The Jets,26 Apr 2020 19:56
Childish Gambino,Camp,Heartbeat,26 Apr 2020 19:52
Childish Gambino,Because the Internet,IV. Sweatpants,26 Apr 2020 19:49
Black Eyed Peas,MAMACITA,Mamacita,26 Apr 2020 19:45
Doja Cat,Hot Pink,Like That (feat. Gucci Mane),26 Apr 2020 19:42
Russ,ZOO,Missin You Crazy,26 Apr 2020 19:38
Russ,Psycho Pt. 2,Psycho Pt. 2,26 Apr 2020 19:35
Sam Smith,Nirvana,Safe with Me,26 Apr 2020 19:32
Pentatonix,PTX Vol. IV - Classics,Can't Help Falling In Love,26 Apr 2020 19:32
Miguel,Goodbye Yellow Brick Road (Remastered / Deluxe Edition),Bennie And The Jets,26 Apr 2020 16:56
Childish Gambino,Camp,Heartbeat,26 Apr 2020 16:52
Childish Gambino,Because the Internet,IV. Sweatpants,26 Apr 2020 16:49
Harry Styles,Watermelon Sugar,Watermelon Sugar,26 Apr 2020 16:45
Miguel,Goodbye Yellow Brick Road (Remastered / Deluxe Edition),Bennie And The Jets,26 Apr 2020 16:40
Jamelia,Thank You,Superstar,25 Apr 2020 22:54
Dennis Lloyd,Snow White,Snow White,25 Apr 2020 22:50
Dennis Lloyd,Never Go Back,Never Go Back,25 Apr 2020 22:39
Two Feet,I Feel Like I'm Drowning,I Feel Like I'm Drowning,25 Apr 2020 22:35
mansionz,Mansionz,stfu,25 Apr 2020 22:32
Jamelia,Thank You,Superstar,25 Apr 2020 22:28
Dennis Lloyd,Nevermind,Nevermind,25 Apr 2020 22:27
FINNEAS,NEW GIRL,New Girl,25 Apr 2020 22:24
Two Feet,Love Is a Bitch,Love Is a Bitch,25 Apr 2020 22:21
Michl,Michl,Kill Our Way to Heaven,25 Apr 2020 22:17
Folded Like Fabric,Luxuries,Luxuries,25 Apr 2020 22:13
Two Feet,Had Some Drinks,Had Some Drinks,25 Apr 2020 22:11
Dennis Lloyd,Snow White,Snow White,25 Apr 2020 22:08
Dennis Lloyd,Never Go Back,Never Go Back,25 Apr 2020 22:05
Two Feet,I Feel Like I'm Drowning,I Feel Like I'm Drowning,25 Apr 2020 17:31
Post Malone,Stoney (Deluxe),Up There,25 Apr 2020 17:16
Ne-Yo,Year of the Gentleman (Bonus Track Edition),Miss Independent,25 Apr 2020 17:12
H.E.R.,Slide,Slide,25 Apr 2020 17:08
Shai,If I Ever Fall In Love,If I Ever Fall In Love,25 Apr 2020 17:06
DNCE,The Time Is Now!,What's Love Got To Do With It,25 Apr 2020 17:02
Samm Henshaw,Broke,Broke,25 Apr 2020 16:57
Miguel,Goodbye Yellow Brick Road (Remastered / Deluxe Edition),Bennie And The Jets,25 Apr 2020 16:52
Hunter Hayes,Goodbye Yellow Brick Road (Remastered / Deluxe Edition),Goodbye Yellow Brick Road,25 Apr 2020 16:49
Miguel,Goodbye Yellow Brick Road (Remastered / Deluxe Edition),Bennie And The Jets,25 Apr 2020 16:43
Miguel,War & Leisure,Sky Walker (feat. Travis Scott),25 Apr 2020 16:39
Kygo,Kids in Love,Remind Me to Forget,25 Apr 2020 16:35
Miguel,Goodbye Yellow Brick Road (Remastered / Deluxe Edition),Bennie And The Jets,25 Apr 2020 16:31
Billie Eilish,WHEN WE ALL FALL ASLEEP WHERE DO WE GO?,wish you were gay,25 Apr 2020 16:27
Billie Eilish,bitches broken hearts,bitches broken hearts,25 Apr 2020 16:23
Childish Gambino,Camp,Heartbeat,25 Apr 2020 04:57
Childish Gambino,Because the Internet,IV. Sweatpants,25 Apr 2020 04:54
Childish Gambino,Because the Internet,IV. Sweatpants,25 Apr 2020 04:51
Doja Cat,Hot Pink,Like That (feat. Gucci Mane),25 Apr 2020 04:46
Harry Styles,Watermelon Sugar,Watermelon Sugar,25 Apr 2020 04:43
Childish Gambino,Camp,Heartbeat,25 Apr 2020 04:38
Childish Gambino,Because the Internet,IV. Sweatpants,25 Apr 2020 04:35
Black Eyed Peas,MAMACITA,Mamacita,25 Apr 2020 04:31
Doja Cat,Hot Pink,Like That (feat. Gucci Mane),25 Apr 2020 04:28
Russ,ZOO,Missin You Crazy,25 Apr 2020 04:24
Russ,Psycho Pt. 2,Psycho Pt. 2,25 Apr 2020 04:22
The Weeknd,After Hours,Blinding Lights,24 Apr 2020 23:06
The Weeknd,After Hours,Heartless,24 Apr 2020 23:01
Childish Gambino,Because the Internet,IV. Sweatpants,24 Apr 2020 22:57
Ciara,Goodies,One Two Step (Feat. Missy Elliott),24 Apr 2020 22:54
A.R. Rahman,Jai Ho! (You Are My Destiny),Jai Ho! (You Are My Destiny),24 Apr 2020 22:54
Ciara,Goodies,One Two Step (Feat. Missy Elliott),24 Apr 2020 22:50
Sean Paul,The Trinity,Temperature,24 Apr 2020 22:46
The Pussycat Dolls,Doll Domination (Deluxe),When I Grow Up,24 Apr 2020 22:42
The Pussycat Dolls,PCD,Don't Cha,24 Apr 2020 22:38
Daddy Yankee,Barrio Fino (Bonus Track Version),Gasolina,24 Apr 2020 22:35
The Pussycat Dolls,PCD,Buttons,24 Apr 2020 22:29
A Touch of Class,Just The Best 4/2000,Around The World (la la la la la) - Radio Version,24 Apr 2020 22:26
Jamelia,Thank You,Superstar,24 Apr 2020 22:26
Jamelia,Thank You,Superstar,24 Apr 2020 22:22
Childish Gambino,Because the Internet,IV. Sweatpants,24 Apr 2020 18:00
Black Eyed Peas,MAMACITA,Mamacita,24 Apr 2020 17:55
Billie Eilish,WHEN WE ALL FALL ASLEEP WHERE DO WE GO?,listen before i go,24 Apr 2020 17:52
Billie Eilish,WHEN WE ALL FALL ASLEEP WHERE DO WE GO?,wish you were gay,24 Apr 2020 17:48
Billie Eilish,bitches broken hearts,bitches broken hearts,24 Apr 2020 17:45
A Touch of Class,Just The Best 4/2000,Around The World (la la la la la) - Radio Version,24 Apr 2020 17:41
The Saturdays,Headlines,Higher,24 Apr 2020 17:38
Billie Eilish,bitches broken hearts,bitches broken hearts,24 Apr 2020 17:35
Billie Eilish,bitches broken hearts,bitches broken hearts,24 Apr 2020 17:32
Billie Eilish,bitches broken hearts,bitches broken hearts,24 Apr 2020 17:29
Billie Eilish,bitches broken hearts,bitches broken hearts,24 Apr 2020 17:26
Childish Gambino,Camp,You See Me,24 Apr 2020 17:23
Childish Gambino,Camp,Bonfire,24 Apr 2020 17:19
Jamelia,Thank You,Superstar,24 Apr 2020 15:57
Jamelia,Thank You,Superstar,24 Apr 2020 15:53
James Arthur,James Arthur (Deluxe),Impossible,24 Apr 2020 15:53
Jamelia,Thank You,Superstar,24 Apr 2020 15:50
Billie Eilish,bitches broken hearts,bitches broken hearts,24 Apr 2020 15:49
Jamelia,Thank You,Superstar,24 Apr 2020 15:46
Jamelia,Thank You,Superstar,24 Apr 2020 15:42
James Arthur,James Arthur (Deluxe),Impossible,24 Apr 2020 04:15
Jamelia,Thank You,Superstar,24 Apr 2020 03:34
Jamelia,Thank You,Superstar,24 Apr 2020 03:30
Jamelia,Thank You,Superstar,24 Apr 2020 03:27
Russ,Psycho Pt. 2,Psycho Pt. 2,23 Apr 2020 20:34
SAINt JHN,Collection One,Roses,23 Apr 2020 20:30
Roddy Ricch,Please Excuse Me For Being Antisocial,The Box,23 Apr 2020 20:25
Mac Miller,The Divine Feminine,My Favorite Part,23 Apr 2020 20:22
Childish Gambino,Camp,All The Shine,23 Apr 2020 20:16
The Weeknd,After Hours,Heartless,23 Apr 2020 20:12
Billie Eilish,WHEN WE ALL FALL ASLEEP WHERE DO WE GO?,wish you were gay,23 Apr 2020 19:34
Billie Eilish,bitches broken hearts,bitches broken hearts,23 Apr 2020 19:31
Drake,Views,One Dance,23 Apr 2020 19:27
Fetty Wap,Fetty Wap (Deluxe),Again,23 Apr 2020 19:22
Fetty Wap,Fetty Wap (Deluxe),My Way (feat. Monty),23 Apr 2020 19:19
Fetty Wap,Birthday (feat. Monty),Birthday (feat. Monty),23 Apr 2020 19:16
Fetty Wap,679 (feat. Remy Boyz),679 (Feat. Remy Boyz),23 Apr 2020 19:12
Roddy Ricch,Please Excuse Me For Being Antisocial,The Box,23 Apr 2020 19:09
J. Cole,Cole World: The Sideline Story,Work Out,23 Apr 2020 19:05
Fetty Wap,Fetty Wap (Deluxe),Trap Queen,23 Apr 2020 19:01
Cardi B,Please Me,Please Me,23 Apr 2020 18:59
Beyoncé,HOMECOMING: THE LIVE ALBUM,Crazy In Love - Homecoming Live,23 Apr 2020 18:56
Beyoncé,4,Love on Top,23 Apr 2020 18:51
Billie Eilish,WHEN WE ALL FALL ASLEEP WHERE DO WE GO?,all the good girls go to hell,23 Apr 2020 18:48
Billie Eilish,WHEN WE ALL FALL ASLEEP WHERE DO WE GO?,wish you were gay,23 Apr 2020 18:45
Billie Eilish,WHEN WE ALL FALL ASLEEP WHERE DO WE GO?,bury a friend,23 Apr 2020 18:41
Billie Eilish,WHEN WE ALL FALL ASLEEP WHERE DO WE GO?,when the party's over,23 Apr 2020 18:32
Billie Eilish,no time to die,No Time to Die,23 Apr 2020 18:28
Billie Eilish,lovely (with Khalid),lovely (with Khalid),23 Apr 2020 18:24
Billie Eilish,bitches broken hearts,bitches broken hearts,23 Apr 2020 18:21
Billie Eilish,bitches broken hearts,bitches broken hearts,23 Apr 2020 18:18
Billie Eilish,bitches broken hearts,bitches broken hearts,23 Apr 2020 18:15
Billie Eilish,bitches broken hearts,bitches broken hearts,23 Apr 2020 18:12
Billie Eilish,bitches broken hearts,bitches broken hearts,23 Apr 2020 18:09
Billie Eilish,bitches broken hearts,bitches broken hearts,23 Apr 2020 18:06
Billie Eilish,bitches broken hearts,bitches broken hearts,23 Apr 2020 18:03
Billie Eilish,bitches broken hearts,bitches broken hearts,23 Apr 2020 18:00
Billie Eilish,bitches broken hearts,bitches broken hearts,23 Apr 2020 17:57
Billie Eilish,bitches broken hearts,bitches broken hearts,23 Apr 2020 17:52
Childish Gambino,Camp,Heartbeat,23 Apr 2020 17:47
Childish Gambino,Because the Internet,IV. Sweatpants,23 Apr 2020 17:44
Black Eyed Peas,MAMACITA,Mamacita,23 Apr 2020 17:40
Doja Cat,Hot Pink,Like That (feat. Gucci Mane),23 Apr 2020 17:37
Russ,ZOO,Missin You Crazy,23 Apr 2020 17:33
Russ,Psycho Pt. 2,Psycho Pt. 2,23 Apr 2020 17:31
Sam Smith,Nirvana,Safe with Me,23 Apr 2020 17:28
Childish Gambino,Camp,You See Me,23 Apr 2020 17:24
Childish Gambino,Camp,Bonfire,23 Apr 2020 17:21
Fiona Apple,Fetch the Bolt Cutters,I Want You To Love Me,23 Apr 2020 17:17
Madison Beer,Good in Goodbye,Good in Goodbye,23 Apr 2020 16:35
Billie Eilish,bitches broken hearts,bitches broken hearts,23 Apr 2020 16:03
Billie Eilish,bitches broken hearts,bitches broken hearts,23 Apr 2020 16:01
Billie Eilish,everything i wanted,everything i wanted,23 Apr 2020 15:56
Billie Eilish,WHEN WE ALL FALL ASLEEP WHERE DO WE GO?,listen before i go,23 Apr 2020 15:52
Billie Eilish,WHEN WE ALL FALL ASLEEP WHERE DO WE GO?,wish you were gay,23 Apr 2020 15:49
Kevin Rudolf,In The City,Let It Rock,23 Apr 2020 05:42
Kevin Rudolf,To The Sky,I Made It (Cash Money Heroes),23 Apr 2020 05:38
Usher,Raymond v Raymond (Expanded Edition),OMG (feat. will.i.am),23 Apr 2020 05:33
Young Money,We Are Young Money,BedRock,23 Apr 2020 05:28
JAY-Z,The Blueprint 3,Run This Town,23 Apr 2020 05:24
Cuco,Chiquito,Dontmakemefallinlove,23 Apr 2020 05:20
Joji,Sanctuary,Sanctuary,23 Apr 2020 05:17
Calvin Harris,Rollin (Feat. Future & Khalid),Rollin (feat. Future & Khalid),23 Apr 2020 05:12
Khalid,Uncle Drew (Original Motion Picture Soundtrack),Stay,23 Apr 2020 05:09
Mac Miller,The Divine Feminine,My Favorite Part,23 Apr 2020 05:05
UMI,Remember Me,Remember Me,23 Apr 2020 05:02
Rihanna,ANTI (Deluxe),Love on the Brain,23 Apr 2020 04:58
Kaash Paige,Parked Car Convos,Love Songs - Bonus,23 Apr 2020 04:56
Lil Wayne,Tha Carter III,Lollipop,23 Apr 2020 03:59
Powers,Closer,Closer,23 Apr 2020 03:55
Ariana Grande,MONOPOLY,MONOPOLY (with Victoria Monét),23 Apr 2020 03:53
Cardi B,Invasion of Privacy,I Like It,23 Apr 2020 03:49
Lizzo,Cuz I Love You (Super Deluxe),Truth Hurts,23 Apr 2020 03:46
Cardi B,Money,Money,23 Apr 2020 03:43
Childish Gambino,Camp,Bonfire,23 Apr 2020 03:40
Cardi B,Invasion of Privacy,Bodak Yellow,23 Apr 2020 03:36
Ashnikko,Hi It's Me,STUPID (feat. Yung Baby Tate),23 Apr 2020 03:33
Sabrina Carpenter,Singular Act II,Looking at Me,23 Apr 2020 03:30
Doja Cat,Boss Bitch,Boss Bitch,23 Apr 2020 03:28
Doja Cat,Hot Pink,Juicy,23 Apr 2020 03:24
Beyoncé,B'Day,Check on It (feat. Bun B & Slim Thug),23 Apr 2020 03:21
Doja Cat,Hot Pink,Say So,23 Apr 2020 01:34
Normani,Motivation,Motivation,23 Apr 2020 01:31
Lizzo,Good As Hell,Good as Hell,23 Apr 2020 01:28
Willow,Ardipithecus,Wait a Minute!,23 Apr 2020 01:25
Ariana Grande,Dangerous Woman,Dangerous Woman,23 Apr 2020 01:21
Ariana Grande,Sweetener,God is a woman,23 Apr 2020 01:18
Alphabeat,This Is Alphabeat,Go Go,23 Apr 2020 01:05
Fiona Apple,Fetch the Bolt Cutters,I Want You To Love Me,22 Apr 2020 20:18
Black Eyed Peas,MAMACITA,Mamacita,22 Apr 2020 06:15
Harry Styles,Watermelon Sugar,Watermelon Sugar,22 Apr 2020 06:12
Sam Smith,To Die For (Acoustic),To Die For - Acoustic,22 Apr 2020 06:09
Ally Brooke,Lips Don't Lie (feat. A Boogie Wit da Hoodie),Lips Don't Lie (feat. A Boogie Wit da Hoodie),22 Apr 2020 06:06
Miguel,All I Want Is You,Sure Thing,22 Apr 2020 06:03
070 Shake,Guilty Conscience,Guilty Conscience,22 Apr 2020 05:59
Ant Clemons,Beep,Beep,22 Apr 2020 05:57
Niki,I Like U,I Like U,22 Apr 2020 05:52
Cuco,Chiquito,Dontmakemefallinlove,22 Apr 2020 05:49
Joji,Sanctuary,Sanctuary,22 Apr 2020 05:46
Calvin Harris,Rollin (Feat. Future & Khalid),Rollin (feat. Future & Khalid),22 Apr 2020 05:41
Khalid,Uncle Drew (Original Motion Picture Soundtrack),Stay,22 Apr 2020 05:38
Mac Miller,The Divine Feminine,My Favorite Part,22 Apr 2020 05:34
UMI,Remember Me,Remember Me,22 Apr 2020 05:31
Rihanna,ANTI (Deluxe),Love on the Brain,22 Apr 2020 05:27
Shakira,Laundry Service,Whenever Wherever,22 Apr 2020 05:23
Shakira,Waka Waka (This Time for Africa) [The Official 2010 FIFA World Cup (TM) Song] (feat. Freshlyground),Waka Waka (This Time for Africa) [The Official 2010 FIFA World Cup (TM) Song] (feat. Freshlyground),22 Apr 2020 05:20
JoJo,The High Road (2018),Too Little Too Late - 2018,22 Apr 2020 05:16
Christina Aguilera,Christina Aguilera (Expanded Edition),Come On Over Baby (All I Want Is You) - Radio Version,22 Apr 2020 05:13
Shakira,Laundry Service,Whenever Wherever,22 Apr 2020 05:10
Sam Smith,In The Lonely Hour (Drowning Shadows Edition),Lay Me Down,22 Apr 2020 05:06
Sam Smith,In The Lonely Hour (Drowning Shadows Edition),Lay Me Down,22 Apr 2020 05:02
Sam Smith,In The Lonely Hour (Drowning Shadows Edition),Lay Me Down,22 Apr 2020 04:58
Sam Smith,In The Lonely Hour (Drowning Shadows Edition),Lay Me Down,22 Apr 2020 04:55
Sam Smith,In The Lonely Hour (Drowning Shadows Edition),Lay Me Down,22 Apr 2020 04:51
Childish Gambino,Camp,Bonfire,22 Apr 2020 04:41
Khalid,This Way,This Way,22 Apr 2020 04:38
SAINt JHN,Collection One,Roses,22 Apr 2020 04:35
SAINt JHN,Ghetto Lenny's Love Songs,Trap,22 Apr 2020 04:32
Rihanna,Bitch Better Have My Money,Bitch Better Have My Money,22 Apr 2020 04:28
Sam Smith,Nirvana,Safe with Me,22 Apr 2020 04:25
Russ,Psycho Pt. 2,Psycho Pt. 2,22 Apr 2020 03:57
Cleo,Za Krokiem Krok,Za Krokiem Krok,22 Apr 2020 03:52
Childish Gambino,Camp,You See Me,22 Apr 2020 03:49
Childish Gambino,Camp,Bonfire,22 Apr 2020 03:43
Khalid,This Way,This Way,22 Apr 2020 03:40
SAINt JHN,Collection One,Roses,22 Apr 2020 03:37
SAINt JHN,Ghetto Lenny's Love Songs,Trap,22 Apr 2020 03:34
Shakira,Laundry Service,Whenever Wherever,22 Apr 2020 03:29
Shakira,Waka Waka (This Time for Africa) [The Official 2010 FIFA World Cup (TM) Song] (feat. Freshlyground),Waka Waka (This Time for Africa) [The Official 2010 FIFA World Cup (TM) Song] (feat. Freshlyground),22 Apr 2020 03:25
JoJo,The High Road (2018),Too Little Too Late - 2018,22 Apr 2020 03:19
Christina Aguilera,Christina Aguilera (Expanded Edition),Come On Over Baby (All I Want Is You) - Radio Version,22 Apr 2020 03:16
Shakira,Laundry Service,Whenever Wherever,22 Apr 2020 03:12
Billie Eilish,WHEN WE ALL FALL ASLEEP WHERE DO WE GO?,wish you were gay,22 Apr 2020 03:08
Billie Eilish,everything i wanted,everything i wanted,22 Apr 2020 03:04
Billie Eilish,WHEN WE ALL FALL ASLEEP WHERE DO WE GO?,listen before i go,22 Apr 2020 03:00
Billie Eilish,WHEN WE ALL FALL ASLEEP WHERE DO WE GO?,wish you were gay,22 Apr 2020 02:56
Billie Eilish,everything i wanted,everything i wanted,22 Apr 2020 02:52
Billie Eilish,WHEN WE ALL FALL ASLEEP WHERE DO WE GO?,listen before i go,22 Apr 2020 02:48
Billie Eilish,WHEN WE ALL FALL ASLEEP WHERE DO WE GO?,wish you were gay,22 Apr 2020 02:44
Billie Eilish,everything i wanted,everything i wanted,22 Apr 2020 02:40
Billie Eilish,WHEN WE ALL FALL ASLEEP WHERE DO WE GO?,listen before i go,22 Apr 2020 02:36
Billie Eilish,WHEN WE ALL FALL ASLEEP WHERE DO WE GO?,wish you were gay,22 Apr 2020 02:32
Billie Eilish,everything i wanted,everything i wanted,22 Apr 2020 02:28
Billie Eilish,WHEN WE ALL FALL ASLEEP WHERE DO WE GO?,listen before i go,22 Apr 2020 02:24
Billie Eilish,WHEN WE ALL FALL ASLEEP WHERE DO WE GO?,wish you were gay,22 Apr 2020 02:20
Billie Eilish,everything i wanted,everything i wanted,22 Apr 2020 02:16
Billie Eilish,WHEN WE ALL FALL ASLEEP WHERE DO WE GO?,listen before i go,22 Apr 2020 02:12
Fetty Wap,Fetty Wap (Deluxe),My Way (feat. Monty),22 Apr 2020 02:08
Fetty Wap,Fetty Wap (Deluxe),My Way (feat. Monty),22 Apr 2020 02:05
Fetty Wap,Fetty Wap (Deluxe),My Way (feat. Monty),22 Apr 2020 02:01
Fetty Wap,Fetty Wap (Deluxe),Trap Queen,22 Apr 2020 01:57
Fetty Wap,Fetty Wap (Deluxe),My Way (feat. Monty),22 Apr 2020 01:54
Russ,Psycho Pt. 2,Psycho Pt. 2,21 Apr 2020 22:26
Sam Smith,Nirvana,Safe with Me,21 Apr 2020 22:23
Russ,Psycho Pt. 2,Psycho Pt. 2,21 Apr 2020 21:55
Sam Smith,Nirvana,Safe with Me,21 Apr 2020 21:52
Cleo,Za Krokiem Krok,Za Krokiem Krok,21 Apr 2020 21:48
Childish Gambino,Camp,You See Me,21 Apr 2020 21:45
Childish Gambino,Camp,Bonfire,21 Apr 2020 21:42
Childish Gambino,Because the Internet,IV. Sweatpants,21 Apr 2020 21:39
Black Eyed Peas,MAMACITA,Mamacita,21 Apr 2020 21:35
Ariana Grande,Sweetener,God is a woman,21 Apr 2020 21:31
Ariana Grande,k bye for now (swt live),God is a woman - Live,21 Apr 2020 21:28
Ariana Grande,k bye for now (swt live),raindrops (an angel cried) - Live,21 Apr 2020 21:27
Ariana Grande,Dangerous Woman,Into You,21 Apr 2020 21:05
Ariana Grande,My Everything (Deluxe),One Last Time,21 Apr 2020 18:22
Ariana Grande,Charlie's Angels (Original Motion Picture Soundtrack),Don’t Call Me Angel (Charlie’s Angels) (with Miley Cyrus & Lana Del Rey),21 Apr 2020 18:19
Ariana Grande,Sweetener,God is a woman,21 Apr 2020 18:15
Ariana Grande,thank u next,break up with your girlfriend i'm bored,21 Apr 2020 18:12
Ariana Grande,Sweetener,God is a woman,21 Apr 2020 18:09
Childish Gambino,Because the Internet,II. Worldstar,21 Apr 2020 18:05
Childish Gambino,Because the Internet,I. Crawl,21 Apr 2020 18:02
Childish Gambino,Camp,Heartbeat,21 Apr 2020 17:59
Childish Gambino,Because the Internet,IV. Sweatpants,21 Apr 2020 17:56
Black Eyed Peas,MAMACITA,Mamacita,21 Apr 2020 17:52
dust and moonlight,in love with a view (you),in love with a view (you),21 Apr 2020 01:06
Harry Styles,Watermelon Sugar,Watermelon Sugar,21 Apr 2020 01:00
Childish Gambino,Camp,Heartbeat,21 Apr 2020 00:18
Ariana Grande,Dangerous Woman,Dangerous Woman,20 Apr 2020 22:16
Ariana Grande,Sweetener,God is a woman,20 Apr 2020 22:13
Rihanna,Bitch Better Have My Money,Bitch Better Have My Money,20 Apr 2020 22:09
Cardi B,Money,Money,20 Apr 2020 22:06
Cardi B,Invasion of Privacy,Bodak Yellow,20 Apr 2020 22:02
Ashnikko,Hi It's Me,STUPID (feat. Yung Baby Tate),20 Apr 2020 22:00
Sabrina Carpenter,Singular Act II,Looking at Me,20 Apr 2020 21:57
Doja Cat,Boss Bitch,Boss Bitch,20 Apr 2020 21:54
Doja Cat,Hot Pink,Like That (feat. Gucci Mane),20 Apr 2020 21:42
Russ,ZOO,Missin You Crazy,20 Apr 2020 21:38
Russ,Psycho Pt. 2,Psycho Pt. 2,20 Apr 2020 21:36
Sam Smith,Nirvana,Safe with Me,20 Apr 2020 21:33
Cleo,Za Krokiem Krok,Za Krokiem Krok,20 Apr 2020 21:29
Childish Gambino,Because the Internet,IV. Sweatpants,20 Apr 2020 21:25
Black Eyed Peas,MAMACITA,Mamacita,20 Apr 2020 21:19
Billie Eilish,WHEN WE ALL FALL ASLEEP WHERE DO WE GO?,listen before i go,20 Apr 2020 20:10
Billie Eilish,WHEN WE ALL FALL ASLEEP WHERE DO WE GO?,wish you were gay,20 Apr 2020 20:06
Daniel Powter,Daniel Powter (U.S. Release),Bad Day,20 Apr 2020 20:00
Plain White T's,All That We Needed,Hey There Delilah,20 Apr 2020 19:56
Jason Mraz,Love Is A Four Letter Word (Deluxe Edition),I Won't Give Up,20 Apr 2020 19:52
James Bay,Chaos and the Calm,Let It Go,20 Apr 2020 19:50
Weezer,Weezer (Green Album),Island in the Sun,20 Apr 2020 19:46
Adele,21,Someone Like You,20 Apr 2020 19:41
Rihanna,Unapologetic (Deluxe),Stay,20 Apr 2020 19:37
Sam Smith,In The Lonely Hour (Drowning Shadows Edition),Lay Me Down,20 Apr 2020 19:34
Shakira,El Dorado,Me Enamoré,20 Apr 2020 19:30
Shakira,El Dorado,Chantaje (feat. Maluma),20 Apr 2020 19:27
CNCO,Primera Cita,Reggaetón lento (Bailemos),20 Apr 2020 19:23
Luis Fonsi,Despacito (Featuring Daddy Yankee),Despacito,20 Apr 2020 19:19
CNCO,Reggaetón Lento (Remix),Reggaetón Lento (Remix),20 Apr 2020 19:16
PRETTYMUCH,Teacher,Teacher,20 Apr 2020 19:14
Shawn Mendes,Shawn Mendes,Queen,20 Apr 2020 19:10
PRETTYMUCH,Would You Mind,Would You Mind,20 Apr 2020 19:07
PRETTYMUCH,Open arms,Open Arms,20 Apr 2020 19:03
PRETTYMUCH,Open arms,Open Arms,20 Apr 2020 19:00
PRETTYMUCH,Open arms,Open Arms,20 Apr 2020 18:57
PRETTYMUCH,Summer on You,Summer On You,20 Apr 2020 18:54
Madison Beer,As She Pleases,Say It to My Face,20 Apr 2020 18:51
Timeflies,Too Much,Raincoat,20 Apr 2020 18:47
HRVY,Hasta Luego,Hasta Luego,20 Apr 2020 18:44
mansionz,Mansionz,stfu,20 Apr 2020 18:41
HRVY,Hasta Luego,Hasta Luego,20 Apr 2020 18:38
Black Eyed Peas,MAMACITA,Mamacita,20 Apr 2020 18:33
Doja Cat,Hot Pink,Like That (feat. Gucci Mane),20 Apr 2020 18:30
Russ,ZOO,Missin You Crazy,20 Apr 2020 18:26
Russ,Psycho Pt. 2,Psycho Pt. 2,20 Apr 2020 18:24
Cardi B,Please Me,Please Me,20 Apr 2020 18:20
Childish Gambino,Because the Internet,IV. Sweatpants,20 Apr 2020 18:17
Black Eyed Peas,MAMACITA,Mamacita,20 Apr 2020 18:13
Black Eyed Peas,MAMACITA,Mamacita,20 Apr 2020 16:59
Black Eyed Peas,MAMACITA,Mamacita,20 Apr 2020 16:47
Childish Gambino,Camp,Bonfire,20 Apr 2020 06:50
Childish Gambino,Camp,Bonfire,20 Apr 2020 06:46
Childish Gambino,Camp,You See Me,20 Apr 2020 06:43
Childish Gambino,Camp,Heartbeat,20 Apr 2020 06:39
Childish Gambino,Camp,Bonfire,20 Apr 2020 06:35
Childish Gambino,Camp,Bonfire,20 Apr 2020 06:32
Childish Gambino,Camp,Bonfire,20 Apr 2020 06:29
The Weeknd,Starboy,I Feel It Coming,20 Apr 2020 06:24
The Weeknd,Starboy,Die for You,20 Apr 2020 06:20
The Weeknd,Starboy,All I Know,20 Apr 2020 06:14
The Weeknd,Starboy,Nothing Without You,20 Apr 2020 06:11
The Weeknd,Starboy,Ordinary Life,20 Apr 2020 06:07
The Weeknd,Starboy,Attention,20 Apr 2020 06:04
The Weeknd,Starboy,A Lonely Night,20 Apr 2020 06:00
The Weeknd,Starboy,Love to Lay,20 Apr 2020 05:57
The Weeknd,Starboy,Six Feet Under,20 Apr 2020 05:53
The Weeknd,Starboy,Sidewalks,20 Apr 2020 05:49
The Weeknd,Starboy,Stargirl Interlude,20 Apr 2020 05:47
The Weeknd,Starboy,True Colors,20 Apr 2020 05:43
The Weeknd,Starboy,Secrets,20 Apr 2020 05:39
The Weeknd,Starboy,Rockin’,20 Apr 2020 05:35
The Weeknd,Starboy,Reminder,20 Apr 2020 05:32
The Weeknd,Starboy,False Alarm,20 Apr 2020 05:28
The Weeknd,Starboy,Party Monster,20 Apr 2020 05:24
The Weeknd,Starboy,Starboy,20 Apr 2020 05:20
The Weeknd,My Dear Melancholy,Call Out My Name - A Cappella,20 Apr 2020 05:16
The Weeknd,My Dear Melancholy,Privilege,20 Apr 2020 05:13
The Weeknd,My Dear Melancholy,Hurt You,20 Apr 2020 05:09
The Weeknd,My Dear Melancholy,I Was Never There,20 Apr 2020 05:05
The Weeknd,My Dear Melancholy,Wasted Times,20 Apr 2020 05:02
The Weeknd,My Dear Melancholy,Try Me,20 Apr 2020 04:58
The Weeknd,My Dear Melancholy,Call Out My Name,20 Apr 2020 04:54
The Weeknd,After Hours,Until I Bleed Out,20 Apr 2020 04:51
The Weeknd,After Hours,After Hours,20 Apr 2020 04:45
The Weeknd,After Hours,Repeat After Me (Interlude),20 Apr 2020 04:42
The Weeknd,After Hours,Save Your Tears,20 Apr 2020 04:38
The Weeknd,After Hours,In Your Eyes,20 Apr 2020 04:34
The Weeknd,After Hours,Blinding Lights,20 Apr 2020 04:31
Post Malone,Stoney (Deluxe),Deja Vu,20 Apr 2020 04:26
The Neighbourhood,Wiped Out!,Daddy Issues,20 Apr 2020 04:21
Lana Del Rey,Born to Die,Summertime Sadness,20 Apr 2020 04:17
Pentatonix,PTX Vol. IV - Classics,Can't Help Falling In Love,20 Apr 2020 04:14
Lana Del Rey,Norman Fucking Rockwell!,Doin' Time,20 Apr 2020 04:10
dust and moonlight,in love with a view (you),in love with a view (you),20 Apr 2020 04:09
Harry Styles,Watermelon Sugar,Watermelon Sugar,20 Apr 2020 04:06
Sam Smith,To Die For (Acoustic),To Die For - Acoustic,20 Apr 2020 04:02
Ally Brooke,Lips Don't Lie (feat. A Boogie Wit da Hoodie),Lips Don't Lie (feat. A Boogie Wit da Hoodie),20 Apr 2020 04:00
Miguel,All I Want Is You,Sure Thing,20 Apr 2020 03:56
Black Eyed Peas,MAMACITA,Mamacita,20 Apr 2020 03:51
Doja Cat,Hot Pink,Like That (feat. Gucci Mane),20 Apr 2020 03:48
Childish Gambino,Because the Internet,IV. Sweatpants,20 Apr 2020 03:45
Childish Gambino,Camp,Bonfire,20 Apr 2020 03:42
Russ,ZOO,Missin You Crazy,20 Apr 2020 03:38
Russ,Psycho Pt. 2,Psycho Pt. 2,20 Apr 2020 03:36
Sam Smith,Nirvana,Safe with Me,20 Apr 2020 03:25
Lizzo,Good As Hell,Good as Hell,20 Apr 2020 03:23
Willow,Ardipithecus,Wait a Minute!,20 Apr 2020 03:20
Ariana Grande,Dangerous Woman,Dangerous Woman,20 Apr 2020 03:16
Ariana Grande,Sweetener,God is a woman,20 Apr 2020 03:13
Black Eyed Peas,MAMACITA,Mamacita,20 Apr 2020 03:08
Doja Cat,Hot Pink,Like That (feat. Gucci Mane),20 Apr 2020 03:05
Russ,Psycho Pt. 2,Psycho Pt. 2,20 Apr 2020 03:03
Sam Smith,Nirvana,Safe with Me,20 Apr 2020 03:00
Cleo,Za Krokiem Krok,Za Krokiem Krok,20 Apr 2020 02:56
Childish Gambino,Camp,You See Me,20 Apr 2020 02:53
Childish Gambino,Camp,Bonfire,20 Apr 2020 02:49
Doja Cat,Hot Pink,Like That (feat. Gucci Mane),20 Apr 2020 02:35
Black Eyed Peas,MAMACITA,Mamacita,20 Apr 2020 02:31
Harry Styles,Watermelon Sugar,Watermelon Sugar,20 Apr 2020 02:28
Black Eyed Peas,MAMACITA,Mamacita,20 Apr 2020 02:24
SAINt JHN,Collection One,Roses,20 Apr 2020 02:21
SAINt JHN,Ghetto Lenny's Love Songs,Trap,20 Apr 2020 02:18
Black Eyed Peas,MAMACITA,Mamacita,20 Apr 2020 02:12
Doja Cat,Hot Pink,Like That (feat. Gucci Mane),20 Apr 2020 02:09
Black Eyed Peas,MAMACITA,Mamacita,20 Apr 2020 02:05
Black Eyed Peas,MAMACITA,Mamacita,19 Apr 2020 22:52
Zedd,Good Thing (with Kehlani),Good Thing (with Kehlani),19 Apr 2020 22:47
Black Eyed Peas,MAMACITA,Mamacita,19 Apr 2020 22:43
Lady Gaga,Born This Way (Special Edition),Born This Way,19 Apr 2020 21:40
Russ,ZOO,Missin You Crazy,19 Apr 2020 21:35
Russ,Psycho Pt. 2,Psycho Pt. 2,19 Apr 2020 21:32
Sam Smith,Nirvana,Safe with Me,19 Apr 2020 21:29
Cleo,Za Krokiem Krok,Za Krokiem Krok,19 Apr 2020 21:26
Childish Gambino,Camp,You See Me,19 Apr 2020 21:22
Childish Gambino,Camp,Bonfire,19 Apr 2020 21:19
Khalid,This Way,This Way,19 Apr 2020 21:16
SAINt JHN,Collection One,Roses,19 Apr 2020 21:13
SAINt JHN,Ghetto Lenny's Love Songs,Trap,19 Apr 2020 21:10
Rihanna,Bitch Better Have My Money,Bitch Better Have My Money,19 Apr 2020 21:06
Adam Lambert,For Your Entertainment,Whataya Want from Me,19 Apr 2020 21:02
5 Seconds of Summer,Sounds Good Feels Good (Deluxe),She's Kinda Hot,19 Apr 2020 20:33
Cleo,Za Krokiem Krok,Za Krokiem Krok,19 Apr 2020 20:29
Madison Beer,As She Pleases,Home with You,19 Apr 2020 20:26
Doja Cat,Hot Pink,Cyber Sex,19 Apr 2020 20:24
Summer Walker,Last Day Of Summer,Girls Need Love (with Drake) - Remix,19 Apr 2020 20:20
KYLE,Smyle (Extended),Don't Wanna Fall In Love,19 Apr 2020 20:16
Kiana Ledé,Selfless,EX,19 Apr 2020 20:12
Doja Cat,Hot Pink,Like That (feat. Gucci Mane),19 Apr 2020 20:12
Doja Cat,Hot Pink,Like That (feat. Gucci Mane),19 Apr 2020 19:41
BROCKHAMPTON,GINGER,SUGAR,19 Apr 2020 19:38
Bazzi,Soul Searching,Paradise,19 Apr 2020 19:35
Harry Styles,Watermelon Sugar,Watermelon Sugar,19 Apr 2020 19:32
Sam Smith,To Die For (Acoustic),To Die For - Acoustic,19 Apr 2020 19:29
Ally Brooke,Lips Don't Lie (feat. A Boogie Wit da Hoodie),Lips Don't Lie (feat. A Boogie Wit da Hoodie),19 Apr 2020 19:26
Alphabeat,This Is Alphabeat,Go Go,19 Apr 2020 19:23
Miguel,All I Want Is You,Sure Thing,19 Apr 2020 19:20
Ally Brooke,Lips Don't Lie (feat. A Boogie Wit da Hoodie),Lips Don't Lie (feat. A Boogie Wit da Hoodie),19 Apr 2020 19:01
Tones and I,Dance Monkey,Dance Monkey,19 Apr 2020 18:57
Sam Smith,Nirvana,Safe with Me,19 Apr 2020 18:55
Sam Smith,Nirvana,Safe with Me,19 Apr 2020 18:52
Cleo,Za Krokiem Krok,Za Krokiem Krok,19 Apr 2020 18:47
Billie Eilish,everything i wanted,everything i wanted,19 Apr 2020 18:41
Billie Eilish,WHEN WE ALL FALL ASLEEP WHERE DO WE GO?,listen before i go,19 Apr 2020 18:37
Billie Eilish,WHEN WE ALL FALL ASLEEP WHERE DO WE GO?,wish you were gay,19 Apr 2020 18:34
Parry Gripp,Pancake Robot,Pancake Robot,19 Apr 2020 18:32
Russ,There's Really A Wolf,Losin Control,19 Apr 2020 18:29
Russ,ZOO,Missin You Crazy,19 Apr 2020 18:25
Bazzi,Cosmic,3:15,19 Apr 2020 18:22
Doja Cat,Amala (Deluxe Version),Mooo!,19 Apr 2020 18:17
Blackbear,deadroses,Dirty Laundry,19 Apr 2020 18:14
Lil Mosey,Certified Hitmaker,Blueberry Faygo,19 Apr 2020 18:11
Russ,Psycho Pt. 2,Psycho Pt. 2,19 Apr 2020 17:58
Soulja Boy,iSouljaBoyTellEm,Kiss Me Thru The Phone,19 Apr 2020 17:47
Ella Mai,Ella Mai,Trip,19 Apr 2020 17:42
Post Malone,Hollywood's Bleeding,Wow.,19 Apr 2020 17:34
SZA,The Weekend (Funk Wav Remix),The Weekend - Funk Wav Remix,19 Apr 2020 17:31
Rob $tone,Chill Bill (feat. J. Davi$ & Spooks),Chill Bill (feat. J. Davi$ & Spooks),19 Apr 2020 17:28
Nicki Minaj,Queen,Chun-Li,19 Apr 2020 17:25
Cardi B,Invasion of Privacy,Bodak Yellow,19 Apr 2020 17:22
Ally Brooke,Lips Don't Lie (feat. A Boogie Wit da Hoodie),Lips Don't Lie (feat. A Boogie Wit da Hoodie),19 Apr 2020 17:16
Lana Del Rey,Born to Die,Summertime Sadness,18 Apr 2020 21:21
Pentatonix,PTX Vol. IV - Classics,Can't Help Falling In Love,18 Apr 2020 21:18
Adam Lambert,For Your Entertainment,Whataya Want from Me,18 Apr 2020 21:14
5 Seconds of Summer,Sounds Good Feels Good (Deluxe),She's Kinda Hot,18 Apr 2020 21:11
Cleo,Za Krokiem Krok,Za Krokiem Krok,18 Apr 2020 21:07
Childish Gambino,Camp,You See Me,18 Apr 2020 21:04
The Weeknd,After Hours,In Your Eyes,18 Apr 2020 20:57
Dua Lipa,bReAK mY heART,Break My Heart,18 Apr 2020 20:03
Selena Gomez,Rare (Deluxe),Boyfriend,18 Apr 2020 20:00
SurFaces,Where the Light Is,Sunday Best,18 Apr 2020 19:57
Sam Smith,I’m Ready (with Demi Lovato),I’m Ready (with Demi Lovato),18 Apr 2020 19:53
The Weeknd,Blinding Lights,Blinding Lights,18 Apr 2020 19:50
DaBaby,Blame It On Baby,PICK UP (feat. Quavo),18 Apr 2020 19:48
Roddy Ricch,Please Excuse Me For Being Antisocial,The Box,18 Apr 2020 19:44
Roddy Ricch,Please Excuse Me For Being Antisocial,The Box,18 Apr 2020 19:41
DaBaby,Blame It On Baby,ROCKSTAR (feat. Roddy Ricch),18 Apr 2020 19:39
Estelle,Shine,American Boy,18 Apr 2020 19:34
Destiny's Child,The Writing's on the Wall,Say My Name,18 Apr 2020 19:28
Britney Spears,...Baby One More Time (Digital Deluxe Version),...Baby One More Time,18 Apr 2020 19:24
The Pussycat Dolls,PCD,Don't Cha,18 Apr 2020 19:20
Mariah Carey,Memoirs of an Imperfect Angel,Obsessed,18 Apr 2020 19:15
Britney Spears,Femme Fatale (Deluxe Version),Criminal,18 Apr 2020 19:12
Childish Gambino,Camp,Bonfire,18 Apr 2020 19:08
Sam Smith,Nirvana,Safe with Me,18 Apr 2020 19:05
Cleo,Za Krokiem Krok,Za Krokiem Krok,18 Apr 2020 19:01
KYLE,Light of Mine (Deluxe),F You I Love You (feat. Teyana Taylor),18 Apr 2020 18:47
El Grande,Get Done,Like I Do,18 Apr 2020 18:42
alt-J,An Awesome Wave,Breezeblocks,18 Apr 2020 18:38
Rex Orange County,Sunflower,Sunflower,18 Apr 2020 18:34
Doja Cat,Boss Bitch,Boss Bitch,18 Apr 2020 18:31
Jason Mraz,Love Is A Four Letter Word (Deluxe Edition),I Won't Give Up,18 Apr 2020 18:27
Jason Mraz,We Sing. We Dance. We Steal Things.,I'm Yours,18 Apr 2020 18:22
Sam Smith,I’m Ready (with Demi Lovato),I’m Ready (with Demi Lovato),18 Apr 2020 01:14
Sam Smith,Nirvana,Safe with Me,18 Apr 2020 01:11
Disclosure,Omen (Radio Edit),Omen - Radio Edit,18 Apr 2020 01:08
Sam Smith,In The Lonely Hour (Drowning Shadows Edition),Love Is A Losing Game,18 Apr 2020 01:05
Sam Smith,Writing's on the Wall,Writing's On The Wall - From Spectre Soundtrack,18 Apr 2020 00:59
Sam Smith,In The Lonely Hour (Drowning Shadows Edition),Drowning Shadows,18 Apr 2020 00:55
Sam Smith,The Thrill of It All (Special Edition),One Day At a Time,18 Apr 2020 00:43
Sam Smith,The Thrill of It All (Special Edition),The Thrill Of It All,18 Apr 2020 00:40
Sam Smith,Spotify Singles,Burning - Recorded At RAK Studios London,18 Apr 2020 00:37
Sam Smith,The Thrill of It All (Special Edition),Midnight Train,18 Apr 2020 00:28
Sam Smith,In The Lonely Hour (Drowning Shadows Edition),Latch - Acoustic,18 Apr 2020 00:24
Sam Smith,The Thrill of It All (Special Edition),Say It First,17 Apr 2020 23:39
Sam Smith,In the Lonely Hour,Leave Your Lover,17 Apr 2020 23:36
Sam Smith,In the Lonely Hour,Not in That Way,17 Apr 2020 23:31
Sam Smith,In The Lonely Hour (Drowning Shadows Edition),Make It to Me,17 Apr 2020 23:28
Sam Smith,The Thrill of It All (Special Edition),Baby You Make Me Crazy,17 Apr 2020 23:25
Sam Smith,The Thrill of It All (Special Edition),No Peace,17 Apr 2020 23:20
Sam Smith,Fire On Fire (From Watership Down),Fire On Fire - From Watership Down,17 Apr 2020 23:16
Sam Smith,The Thrill of It All (Special Edition),Burning,17 Apr 2020 23:12
Sam Smith,In the Lonely Hour,Money on My Mind,17 Apr 2020 23:09
Sam Smith,The Thrill of It All (Special Edition),One Last Song,17 Apr 2020 23:06
Sam Smith,In The Lonely Hour (Drowning Shadows Edition),How Will I Know,17 Apr 2020 23:02
Sam Smith,In the Lonely Hour,Like I Can,17 Apr 2020 22:59
Sam Smith,In The Lonely Hour (Drowning Shadows Edition),Lay Me Down,17 Apr 2020 22:55
Sam Smith,Pray,Pray,17 Apr 2020 22:52
Sam Smith,In the Lonely Hour,Stay with Me,17 Apr 2020 22:49
Sam Smith,In the Lonely Hour,I'm Not the Only One,17 Apr 2020 22:45
Sam Smith,Too Good at Goodbyes,Too Good at Goodbyes,17 Apr 2020 22:41
Samuel E. Wright,Walt Disney Records The Legacy Collection: The Little Mermaid,Kiss the Girl - Remastered 2014,17 Apr 2020 22:39
Auli'i Cravalho,Moana (Original Motion Picture Soundtrack/Deluxe Edition),How Far I'll Go,17 Apr 2020 22:35
Donny Osmond,Mulan,I'll Make a Man Out of You - From Mulan/Soundtrack,17 Apr 2020 22:32
Susan Egan,Disney's Greatest Volume 1,I Won't Say (I'm In Love) - From Hercules / Soundtrack Version,17 Apr 2020 22:29
Dwayne Johnson,Moana (Original Motion Picture Soundtrack/Deluxe Edition),You're Welcome,17 Apr 2020 22:21
Cleo,Za Krokiem Krok,Za Krokiem Krok,17 Apr 2020 22:21
Joji,Gimme Love,Gimme Love,17 Apr 2020 20:28
Auli'i Cravalho,Moana (Original Motion Picture Soundtrack/Deluxe Edition),How Far I'll Go,17 Apr 2020 02:12
Randy Newman,Toy Story,You've Got A Friend In Me - From Toy Story/Soundtrack Version,17 Apr 2020 02:10
Randy Newman,Toy Story,You've Got A Friend In Me - From Toy Story/Soundtrack Version,17 Apr 2020 02:07
Susan Egan,Disney's Greatest Volume 1,I Won't Say (I'm In Love) - From Hercules / Soundtrack Version,17 Apr 2020 02:04
Jonas Brothers,Happiness Begins,Cool,17 Apr 2020 02:04
Susan Egan,Disney's Greatest Volume 1,I Won't Say (I'm In Love) - From Hercules / Soundtrack Version,17 Apr 2020 02:03
Susan Egan,Disney's Greatest Volume 1,I Won't Say (I'm In Love) - From Hercules / Soundtrack Version,17 Apr 2020 02:01
Panic! at the Disco,Frozen 2 (Original Motion Picture Soundtrack/Deluxe Edition),Into the Unknown - Panic! At The Disco Version,17 Apr 2020 01:58
Beyoncé,The Lion King (Original Motion Picture Soundtrack),Can You Feel the Love Tonight,17 Apr 2020 01:55
Donny Osmond,Mulan,I'll Make a Man Out of You - From Mulan/Soundtrack,17 Apr 2020 01:51
Angela Lansbury,Beauty And The Beast (Soundtrack),Be Our Guest - From Beauty and the Beast/Soundtrack,17 Apr 2020 01:46
Auli'i Cravalho,Moana (Original Motion Picture Soundtrack/Deluxe Edition),How Far I'll Go,17 Apr 2020 01:38
Donny Osmond,Mulan,I'll Make a Man Out of You - From Mulan/Soundtrack,17 Apr 2020 01:34
Donny Osmond,Mulan,I'll Make a Man Out of You - From Mulan/Soundtrack,17 Apr 2020 01:31
Lea Salonga,Mulan,A Girl Worth Fighting For - From Mulan/Soundtrack,17 Apr 2020 01:29
Donny Osmond,Mulan,I'll Make a Man Out of You - From Mulan/Soundtrack,17 Apr 2020 01:25
Susan Egan,Hercules (Original Motion Picture Soundtrack),I Won't Say (I'm In Love),17 Apr 2020 01:23
Susan Egan,Hercules (Original Motion Picture Soundtrack),I Won't Say (I'm In Love),17 Apr 2020 01:21
Susan Egan,Hercules (Original Motion Picture Soundtrack),I Won't Say (I'm In Love),17 Apr 2020 01:19
Cleo,Za Krokiem Krok,Za Krokiem Krok,17 Apr 2020 01:15
Childish Gambino,Camp,You See Me,17 Apr 2020 01:12
Cleo,Za Krokiem Krok,Za Krokiem Krok,17 Apr 2020 00:59
Mac Miller,Circles (Deluxe),Blue World,17 Apr 2020 00:57
Sia,Labrinth Sia & Diplo Present... LSD,Genius (feat. Sia Diplo and Labrinth),17 Apr 2020 00:56
Sia,Labrinth Sia & Diplo Present... LSD,Genius (feat. Sia Diplo and Labrinth),17 Apr 2020 00:53
Lady Gaga,A Star Is Born Soundtrack (Without Dialogue),Shallow - Radio Edit,17 Apr 2020 00:49
Lady Gaga,A Star Is Born Soundtrack (Without Dialogue),Shallow - Radio Edit,17 Apr 2020 00:14
Lady Gaga,A Star Is Born Soundtrack (Without Dialogue),Shallow - Radio Edit,17 Apr 2020 00:11
JAY-Z,Watch The Throne (Deluxe),Ni**as In Paris,17 Apr 2020 00:04
CZADOMAN,Czadomania,Ruda tańczy jak szalona,16 Apr 2020 23:45
Mig,Wymarzona,Miód Malina,16 Apr 2020 23:42
Golec uOrkiestra,Golec uOrkiestra 2,Ściernisko,16 Apr 2020 23:38
Golec uOrkiestra,Górą ty,Górą ty,16 Apr 2020 23:34
Trubadurzy,Koncert Życzeń,Znamy się tylko z widzenia,16 Apr 2020 23:32
Cleo,Za Krokiem Krok,Za Krokiem Krok,16 Apr 2020 23:28
Kaash Paige,Parked Car Convos,Love Songs - Bonus,16 Apr 2020 23:26
BROCKHAMPTON,GINGER,SUGAR,16 Apr 2020 23:23
Shakira,Waka Waka (This Time for Africa) [The Official 2010 FIFA World Cup (TM) Song] (feat. Freshlyground),Waka Waka (This Time for Africa) [The Official 2010 FIFA World Cup (TM) Song] (feat. Freshlyground),16 Apr 2020 23:04
Childish Gambino,Camp,You See Me,16 Apr 2020 23:00
Childish Gambino,Camp,Bonfire,16 Apr 2020 22:57
Khalid,This Way,This Way,16 Apr 2020 22:53
Childish Gambino,Camp,Bonfire,16 Apr 2020 22:49
Childish Gambino,Camp,Bonfire,16 Apr 2020 22:45
Miley Cyrus,Hannah Montana The Movie,The Climb,16 Apr 2020 02:04
Lady Gaga,The Fame,Poker Face,16 Apr 2020 01:59
Lady Gaga,Born This Way (International Special Edition Version),Born This Way,16 Apr 2020 01:55
Lady Gaga,The Fame Monster (UK Deluxe),Telephone (feat. Beyoncé),16 Apr 2020 01:51
Lady Gaga,Born This Way (International Special Edition Version),Marry the Night,16 Apr 2020 01:46
Lady Gaga,Born This Way (International Special Edition Version),The Edge of Glory,16 Apr 2020 01:40
Lady Gaga,Born This Way (International Standard Version),Judas,16 Apr 2020 01:36
Lady Gaga,The Fame Monster (UK Deluxe),Alejandro,16 Apr 2020 01:32
Lady Gaga,A Star Is Born Soundtrack (Without Dialogue),Shallow - Radio Edit,16 Apr 2020 01:28
Lady Gaga,The Fame,Poker Face,16 Apr 2020 01:24
Lady Gaga,Born This Way (International Special Edition Version),Born This Way,16 Apr 2020 01:20
Lady Gaga,The Fame Monster (UK Deluxe),Telephone (feat. Beyoncé),16 Apr 2020 01:16
Lady Gaga,The Fame Monster (UK Deluxe),Bad Romance,16 Apr 2020 01:11
5 Seconds of Summer,Sounds Good Feels Good (Deluxe),She's Kinda Hot,15 Apr 2020 22:02
Beyoncé,HOMECOMING: THE LIVE ALBUM,Crazy In Love - Homecoming Live,15 Apr 2020 21:46
Beyoncé,4,Love on Top,15 Apr 2020 21:42
Beyoncé,Dangerously in Love,Crazy in Love (feat. Jay-Z),15 Apr 2020 21:38
Britney Spears,Femme Fatale (Deluxe Version),Criminal,15 Apr 2020 21:34
Childish Gambino,Camp,Bonfire,15 Apr 2020 21:21
Billie Eilish,WHEN WE ALL FALL ASLEEP WHERE DO WE GO?,listen before i go,15 Apr 2020 20:57
Billie Eilish,WHEN WE ALL FALL ASLEEP WHERE DO WE GO?,wish you were gay,15 Apr 2020 20:53
SAINt JHN,Ghetto Lenny's Love Songs,Trap,15 Apr 2020 20:52
Childish Gambino,Camp,Bonfire,15 Apr 2020 20:48
Childish Gambino,Camp,Bonfire,15 Apr 2020 20:46
Childish Gambino,Camp,Bonfire,15 Apr 2020 20:43
Childish Gambino,Camp,You See Me,15 Apr 2020 20:39
Harry Styles,Watermelon Sugar,Watermelon Sugar,15 Apr 2020 20:34
Childish Gambino,Camp,You See Me,15 Apr 2020 20:31
Childish Gambino,Camp,Bonfire,15 Apr 2020 20:28
Ariana Grande,Sweetener,God is a woman,15 Apr 2020 20:23
Rihanna,Bitch Better Have My Money,Bitch Better Have My Money,15 Apr 2020 20:20
Ashnikko,Hi It's Me,STUPID (feat. Yung Baby Tate),15 Apr 2020 16:46
Sabrina Carpenter,Singular Act II,Looking at Me,15 Apr 2020 16:43
Doja Cat,Boss Bitch,Boss Bitch,15 Apr 2020 16:38
Doja Cat,Hot Pink,Juicy,15 Apr 2020 16:34
Beyoncé,B'Day,Check On It (feat. Bun B & Slim Thug) - feat. Bun B and Slim Thug,15 Apr 2020 16:31
Doja Cat,Hot Pink,Say So,15 Apr 2020 16:27
Normani,Motivation,Motivation,15 Apr 2020 16:24
Lizzo,Good As Hell,Good as Hell,15 Apr 2020 16:21
Willow,Ardipithecus,Wait a Minute!,15 Apr 2020 16:18
Ariana Grande,Dangerous Woman,Dangerous Woman,15 Apr 2020 16:14
Ariana Grande,Sweetener,God is a woman,15 Apr 2020 16:11
Lana Del Rey,Born to Die,Summertime Sadness,15 Apr 2020 16:05
dust and moonlight,in love with a view (you),in love with a view (you),15 Apr 2020 16:03
Harry Styles,Watermelon Sugar,Watermelon Sugar,15 Apr 2020 16:00
Childish Gambino,Camp,You See Me,15 Apr 2020 15:57
Childish Gambino,Camp,Bonfire,15 Apr 2020 15:54
Khalid,This Way,This Way,15 Apr 2020 15:50
SAINt JHN,Collection One,Roses,15 Apr 2020 15:47
SAINt JHN,Ghetto Lenny's Love Songs,Trap,15 Apr 2020 15:44
Rihanna,Bitch Better Have My Money,Bitch Better Have My Money,15 Apr 2020 15:41
dust and moonlight,in love with a view (you),in love with a view (you),15 Apr 2020 15:40
Harry Styles,Watermelon Sugar,Watermelon Sugar,15 Apr 2020 15:37
Childish Gambino,Camp,You See Me,15 Apr 2020 15:33
Childish Gambino,Camp,Bonfire,15 Apr 2020 15:30
Normani,Motivation,Motivation,15 Apr 2020 03:15
Childish Gambino,Camp,Sunrise,15 Apr 2020 03:08
Childish Gambino,Camp,You See Me,15 Apr 2020 03:05
Childish Gambino,Camp,You See Me,15 Apr 2020 03:01
Childish Gambino,Camp,Bonfire,15 Apr 2020 02:58
Khalid,This Way,This Way,15 Apr 2020 02:44
SAINt JHN,Collection One,Roses,15 Apr 2020 02:41
SAINt JHN,Ghetto Lenny's Love Songs,Trap,15 Apr 2020 02:38
Khalid,This Way,This Way,15 Apr 2020 02:35
Miguel,All I Want Is You,Sure Thing,15 Apr 2020 02:34
070 Shake,Guilty Conscience,Guilty Conscience,15 Apr 2020 02:31
Ant Clemons,Beep,Beep,15 Apr 2020 02:25
Niki,I Like U,I Like U,15 Apr 2020 02:21
Cuco,Chiquito,Dontmakemefallinlove,15 Apr 2020 02:17
Miguel,All I Want Is You,Sure Thing,15 Apr 2020 02:14
Ally Brooke,Lips Don't Lie (feat. A Boogie Wit da Hoodie),Lips Don't Lie (feat. A Boogie Wit da Hoodie),15 Apr 2020 02:11
Joji,Sanctuary,Sanctuary,15 Apr 2020 02:08
Childish Gambino,Camp,You See Me,15 Apr 2020 02:04
Childish Gambino,Camp,Bonfire,15 Apr 2020 02:03
Childish Gambino,Camp,Bonfire,15 Apr 2020 01:59
Childish Gambino,Camp,Bonfire,15 Apr 2020 01:56
Childish Gambino,Camp,Bonfire,15 Apr 2020 01:53
SAINt JHN,Ghetto Lenny's Love Songs,Trap,15 Apr 2020 01:50
Rihanna,Bitch Better Have My Money,Bitch Better Have My Money,15 Apr 2020 01:46
5 Seconds of Summer,Sounds Good Feels Good (Deluxe),She's Kinda Hot,15 Apr 2020 01:41
Lady Gaga,A Star Is Born Soundtrack (Without Dialogue),Shallow - Radio Edit,15 Apr 2020 01:38
SAINt JHN,Ghetto Lenny's Love Songs,Trap,15 Apr 2020 01:35
Khalid,This Way,This Way,15 Apr 2020 01:31
Childish Gambino,Camp,Bonfire,15 Apr 2020 01:08
Avril Lavigne,Goodbye Lullaby (Expanded Edition),What the Hell,15 Apr 2020 00:30
Billie Eilish,WHEN WE ALL FALL ASLEEP WHERE DO WE GO?,listen before i go,15 Apr 2020 00:26
Post Malone,Stoney (Deluxe),Deja Vu,15 Apr 2020 00:24
The Neighbourhood,Wiped Out!,Daddy Issues,15 Apr 2020 00:17
Lana Del Rey,Born to Die,Summertime Sadness,15 Apr 2020 00:13
Pentatonix,PTX Vol. IV - Classics,Can't Help Falling In Love,15 Apr 2020 00:10
Lana Del Rey,Norman Fucking Rockwell!,Doin' Time,15 Apr 2020 00:06
dust and moonlight,in love with a view (you),in love with a view (you),15 Apr 2020 00:05
Harry Styles,Watermelon Sugar,Watermelon Sugar,15 Apr 2020 00:02
Khalid,This Way,This Way,14 Apr 2020 23:58
Rihanna,Bitch Better Have My Money,Bitch Better Have My Money,14 Apr 2020 23:54
Harry Styles,Watermelon Sugar,Watermelon Sugar,14 Apr 2020 23:52
Khalid,This Way,This Way,14 Apr 2020 23:42
SAINt JHN,Collection One,Roses,14 Apr 2020 23:39
Childish Gambino,Camp,All The Shine,14 Apr 2020 23:35
Childish Gambino,Camp,Bonfire,14 Apr 2020 23:32
Childish Gambino,Camp,Letter Home,14 Apr 2020 23:02
Childish Gambino,Camp,Bonfire,14 Apr 2020 23:01
Childish Gambino,Camp,Bonfire,14 Apr 2020 22:58
Childish Gambino,Camp,All The Shine,14 Apr 2020 22:19
Childish Gambino,Camp,Bonfire,14 Apr 2020 22:16
Childish Gambino,Camp,Sunrise,14 Apr 2020 22:08
Childish Gambino,Camp,You See Me,14 Apr 2020 22:05
Childish Gambino,Camp,Kids (Keep Up),14 Apr 2020 22:00
Childish Gambino,Camp,Hold You Down,14 Apr 2020 21:55
Childish Gambino,Camp,L.E.S.,14 Apr 2020 21:49
Childish Gambino,Camp,Backpackers,14 Apr 2020 21:46
Childish Gambino,Camp,Heartbeat,14 Apr 2020 21:38
Childish Gambino,Camp,Letter Home,14 Apr 2020 21:36
Childish Gambino,Camp,All The Shine,14 Apr 2020 21:30
Childish Gambino,Camp,Bonfire,14 Apr 2020 21:27
Childish Gambino,Camp,Fire Fly,14 Apr 2020 21:24
Childish Gambino,Camp,Outside,14 Apr 2020 21:19
Childish Gambino,Camp,Bonfire,14 Apr 2020 21:14
Childish Gambino,Camp,Bonfire,14 Apr 2020 21:09
Khalid,American Teen,Let's Go,14 Apr 2020 19:18
Khalid,American Teen,8TEEN,14 Apr 2020 18:52
Khalid,American Teen,Another Sad Love Song,14 Apr 2020 18:48
Khalid,American Teen,Saved,14 Apr 2020 18:44
Jaymes Young,Habits of My Heart EP,Moondust - Stripped; EP Version,14 Apr 2020 18:39
Jaymes Young,Feel Something,Stone,14 Apr 2020 18:36
Jaymes Young,Dark Star EP,Moondust,14 Apr 2020 18:32
Jaymes Young,What Is Love,What Is Love,14 Apr 2020 18:28
Jaymes Young,Feel Something,Feel Something,14 Apr 2020 18:25
Jaymes Young,Dark Star EP,Moondust,14 Apr 2020 18:21
tim legend,Tim Legend - Hope (feat. BRAVE),hope,14 Apr 2020 18:18
Christina Aguilera,Christina Aguilera (Expanded Edition),Come On Over Baby (All I Want Is You) - Radio Version,14 Apr 2020 18:14
Shakira,Laundry Service,Whenever Wherever,14 Apr 2020 18:11
JoJo,The High Road (2018),Too Little Too Late - 2018,14 Apr 2020 18:07
Britney Spears,Femme Fatale (Deluxe Version),Criminal,14 Apr 2020 18:04
Billie Eilish,WHEN WE ALL FALL ASLEEP WHERE DO WE GO?,wish you were gay,14 Apr 2020 18:00
Billie Eilish,everything i wanted,everything i wanted,14 Apr 2020 17:56
Billie Eilish,WHEN WE ALL FALL ASLEEP WHERE DO WE GO?,listen before i go,14 Apr 2020 17:52
Billie Eilish,WHEN WE ALL FALL ASLEEP WHERE DO WE GO?,wish you were gay,14 Apr 2020 17:48
Childish Gambino,Camp,Bonfire,14 Apr 2020 17:46
Childish Gambino,Camp,Bonfire,14 Apr 2020 17:43
Childish Gambino,Camp,Bonfire,14 Apr 2020 17:40
Childish Gambino,Camp,Bonfire,14 Apr 2020 17:36
Childish Gambino,Camp,Bonfire,14 Apr 2020 17:33
Childish Gambino,Camp,Bonfire,14 Apr 2020 17:30
Childish Gambino,Camp,Bonfire,14 Apr 2020 01:38
Childish Gambino,Camp,Bonfire,14 Apr 2020 01:35
Childish Gambino,Camp,Bonfire,14 Apr 2020 01:32
Childish Gambino,Camp,Bonfire,14 Apr 2020 01:29
Childish Gambino,Camp,Bonfire,14 Apr 2020 01:25
Childish Gambino,Camp,Bonfire,14 Apr 2020 01:22
Childish Gambino,Camp,Bonfire,14 Apr 2020 01:19
Childish Gambino,Camp,Bonfire,14 Apr 2020 01:16
Childish Gambino,Camp,Bonfire,14 Apr 2020 01:13
Childish Gambino,Camp,Bonfire,14 Apr 2020 01:09
Childish Gambino,Camp,Bonfire,14 Apr 2020 01:06
Childish Gambino,Camp,Bonfire,14 Apr 2020 01:03
Childish Gambino,Camp,Bonfire,14 Apr 2020 01:00
Childish Gambino,Camp,Bonfire,14 Apr 2020 00:56
Childish Gambino,Camp,Bonfire,14 Apr 2020 00:53
Childish Gambino,Camp,Bonfire,14 Apr 2020 00:50
Childish Gambino,Camp,Bonfire,14 Apr 2020 00:47
Billie Eilish,Bellyache (Marian Hill Remix),Bellyache - Marian Hill Remix,13 Apr 2020 20:44
21 Savage,i am > i was,a lot,13 Apr 2020 20:41
Lil Wayne,Tha Carter III,Lollipop,13 Apr 2020 20:36
Normani,Motivation,Motivation,13 Apr 2020 20:34
Lizzo,Good As Hell,Good as Hell,13 Apr 2020 20:31
Doja Cat,Boss Bitch,Boss Bitch,13 Apr 2020 20:29
Billie Eilish,WHEN WE ALL FALL ASLEEP WHERE DO WE GO?,wish you were gay,13 Apr 2020 20:24
Billie Eilish,everything i wanted,everything i wanted,13 Apr 2020 20:20
Billie Eilish,WHEN WE ALL FALL ASLEEP WHERE DO WE GO?,listen before i go,13 Apr 2020 20:17
Billie Eilish,WHEN WE ALL FALL ASLEEP WHERE DO WE GO?,wish you were gay,13 Apr 2020 20:13
Britney Spears,Femme Fatale (Deluxe Version),Criminal,13 Apr 2020 19:53
Bren Joy,Twenties,Henny in the Hamptons,13 Apr 2020 19:47
Ne-Yo,Year of the Gentleman (Bonus Track Edition),Closer,13 Apr 2020 19:43
DNCE,The Time Is Now!,What's Love Got To Do With It,13 Apr 2020 19:40
Alphabeat,This Is Alphabeat,Go Go,13 Apr 2020 19:35
Childish Gambino,Camp,Bonfire,13 Apr 2020 19:32
Childish Gambino,Camp,Bonfire,13 Apr 2020 19:28
Childish Gambino,Camp,Bonfire,13 Apr 2020 19:26
Childish Gambino,Camp,Bonfire,13 Apr 2020 19:21
Childish Gambino,Camp,Bonfire,13 Apr 2020 19:17
dust and moonlight,in love with a view (you),in love with a view (you),13 Apr 2020 19:14
Harry Styles,Watermelon Sugar,Watermelon Sugar,13 Apr 2020 19:11
SAINt JHN,Collection One,Roses,13 Apr 2020 19:08
SAINt JHN,Ghetto Lenny's Love Songs,Trap,13 Apr 2020 19:05
Rihanna,Bitch Better Have My Money,Bitch Better Have My Money,13 Apr 2020 19:01
Billie Eilish,WHEN WE ALL FALL ASLEEP WHERE DO WE GO?,bad guy,13 Apr 2020 18:59
Billie Eilish,WHEN WE ALL FALL ASLEEP WHERE DO WE GO?,wish you were gay,13 Apr 2020 18:55
Ali Gatie,You,it's you,11 Apr 2020 22:07
Billie Eilish,WHEN WE ALL FALL ASLEEP WHERE DO WE GO?,bury a friend,11 Apr 2020 22:03
Billie Eilish,lovely (with Khalid),lovely (with Khalid),11 Apr 2020 22:00
Billie Eilish,WHEN WE ALL FALL ASLEEP WHERE DO WE GO?,wish you were gay,11 Apr 2020 21:54
Billie Eilish,WHEN WE ALL FALL ASLEEP WHERE DO WE GO?,listen before i go,11 Apr 2020 21:50
SAINt JHN,Collection One,Roses,11 Apr 2020 21:48
SAINt JHN,Ghetto Lenny's Love Songs,Trap,11 Apr 2020 21:45
Rihanna,Bitch Better Have My Money,Bitch Better Have My Money,11 Apr 2020 21:41
Childish Gambino,Camp,Bonfire,11 Apr 2020 21:38
Billie Eilish,WHEN WE ALL FALL ASLEEP WHERE DO WE GO?,wish you were gay,11 Apr 2020 21:34
Jonas Brothers,Happiness Begins,Cool,10 Apr 2020 19:27
Avril Lavigne,Goodbye Lullaby (Expanded Edition),What the Hell,10 Apr 2020 19:23
Billie Eilish,WHEN WE ALL FALL ASLEEP WHERE DO WE GO?,listen before i go,10 Apr 2020 19:19
LANY,Make Out,ILYSB - STRIPPED,10 Apr 2020 19:15
Post Malone,Stoney (Deluxe),Deja Vu,10 Apr 2020 19:11
The Neighbourhood,Wiped Out!,Daddy Issues,10 Apr 2020 19:06
Lana Del Rey,Born to Die,Summertime Sadness,10 Apr 2020 19:02
Pentatonix,PTX Vol. IV - Classics,Can't Help Falling In Love,10 Apr 2020 18:59
Lana Del Rey,Norman Fucking Rockwell!,Doin' Time,10 Apr 2020 18:56
dust and moonlight,in love with a view (you),in love with a view (you),10 Apr 2020 18:54
Harry Styles,Watermelon Sugar,Watermelon Sugar,10 Apr 2020 18:51
SAINt JHN,Collection One,Roses,10 Apr 2020 18:48
SAINt JHN,Ghetto Lenny's Love Songs,Trap,10 Apr 2020 18:44
Rihanna,Bitch Better Have My Money,Bitch Better Have My Money,10 Apr 2020 18:40
Anna Margaret,StarStruck,Something About the Sunshine,10 Apr 2020 18:36
Adam Lambert,For Your Entertainment,Whataya Want from Me,10 Apr 2020 18:33
5 Seconds of Summer,Sounds Good Feels Good (Deluxe),She's Kinda Hot,10 Apr 2020 18:29
Harry Styles,Watermelon Sugar,Watermelon Sugar,10 Apr 2020 18:01
Adam Lambert,For Your Entertainment,Whataya Want from Me,10 Apr 2020 17:54
5 Seconds of Summer,Sounds Good Feels Good (Deluxe),She's Kinda Hot,10 Apr 2020 17:50
Jonas Brothers,Happiness Begins,Cool,10 Apr 2020 17:48
Avril Lavigne,Goodbye Lullaby (Expanded Edition),What the Hell,10 Apr 2020 17:44
Billie Eilish,WHEN WE ALL FALL ASLEEP WHERE DO WE GO?,listen before i go,10 Apr 2020 17:40
Lana Del Rey,Born to Die - The Paradise Edition,Gods & Monsters,10 Apr 2020 17:36
LANY,Make Out,ILYSB - STRIPPED,10 Apr 2020 17:32
Post Malone,Stoney (Deluxe),Deja Vu,10 Apr 2020 17:28
The Neighbourhood,Wiped Out!,Daddy Issues,10 Apr 2020 17:24
Lana Del Rey,Born to Die,Summertime Sadness,10 Apr 2020 17:19
Pentatonix,PTX Vol. IV - Classics,Can't Help Falling In Love,10 Apr 2020 17:16
Lana Del Rey,Norman Fucking Rockwell!,Doin' Time,10 Apr 2020 17:13
dust and moonlight,in love with a view (you),in love with a view (you),10 Apr 2020 17:11
Harry Styles,Watermelon Sugar,Watermelon Sugar,10 Apr 2020 17:08
SAINt JHN,Collection One,Roses,10 Apr 2020 17:05
SAINt JHN,Ghetto Lenny's Love Songs,Trap,10 Apr 2020 17:02
Rihanna,Bitch Better Have My Money,Bitch Better Have My Money,10 Apr 2020 16:59
Katrina and the Waves,Katrina & the Waves,Walking on Sunshine,10 Apr 2020 16:55
Anna Margaret,StarStruck,Something About the Sunshine,10 Apr 2020 16:51
Adam Lambert,For Your Entertainment,Whataya Want from Me,10 Apr 2020 16:48
5 Seconds of Summer,Sounds Good Feels Good (Deluxe),She's Kinda Hot,10 Apr 2020 16:44
SAINt JHN,Ghetto Lenny's Love Songs,Trap,10 Apr 2020 16:41
Rihanna,Bitch Better Have My Money,Bitch Better Have My Money,10 Apr 2020 16:37
Childish Gambino,Camp,Bonfire,10 Apr 2020 16:33
Childish Gambino,Camp,Bonfire,10 Apr 2020 16:20
Childish Gambino,Camp,Bonfire,10 Apr 2020 16:17
Harry Styles,Watermelon Sugar,Watermelon Sugar,10 Apr 2020 15:19
SAINt JHN,Collection One,Roses,10 Apr 2020 15:16
Childish Gambino,Camp,Bonfire,10 Apr 2020 15:13
Childish Gambino,Camp,Bonfire,10 Apr 2020 06:20
Childish Gambino,Camp,Bonfire,10 Apr 2020 05:51
Childish Gambino,Camp,Bonfire,10 Apr 2020 05:43
Childish Gambino,Camp,Bonfire,10 Apr 2020 05:35
Childish Gambino,Camp,Bonfire,10 Apr 2020 05:34
Childish Gambino,Camp,Bonfire,10 Apr 2020 05:32
Childish Gambino,Camp,Bonfire,10 Apr 2020 05:24
Doja Cat,Hot Pink,Like That (feat. Gucci Mane),10 Apr 2020 05:12
Adam Lambert,For Your Entertainment,Whataya Want from Me,10 Apr 2020 05:07
5 Seconds of Summer,Sounds Good Feels Good (Deluxe),She's Kinda Hot,10 Apr 2020 05:03
Selena Gomez,Revival (Deluxe),Good for You,10 Apr 2020 05:01
Selena Gomez,Bad Liar,Bad Liar,10 Apr 2020 04:57
Luis Fonsi,Despacito Feat. Justin Bieber (Remix),Despacito - Remix,10 Apr 2020 04:47
Shawn Mendes,Illuminate (Deluxe),There's Nothing Holdin' Me Back,10 Apr 2020 04:44
Miley Cyrus,Malibu,Malibu,10 Apr 2020 04:40
Lady Gaga,The Cure,The Cure,10 Apr 2020 04:36
Harry Styles,Harry Styles,Sign of the Times,10 Apr 2020 04:31
Liam Payne,Strip That Down,Strip That Down,10 Apr 2020 04:27
J Balvin,Mi Gente,Mi Gente,10 Apr 2020 04:24
SAINt JHN,Collection One,Roses,10 Apr 2020 04:19
SAINt JHN,Collection One,Roses,10 Apr 2020 04:16
SAINt JHN,Collection One,Roses,10 Apr 2020 04:13
SAINt JHN,Collection One,Roses,10 Apr 2020 04:10
SAINt JHN,Collection One,Roses,10 Apr 2020 04:07
SAINt JHN,Collection One,Roses,10 Apr 2020 04:04
SAINt JHN,Collection One,Roses,10 Apr 2020 04:01
SAINt JHN,Collection One,Roses,10 Apr 2020 03:58
SAINt JHN,Collection One,Roses,10 Apr 2020 03:55
SAINt JHN,Collection One,Roses,10 Apr 2020 03:52
Ant Clemons,Beep,Beep,10 Apr 2020 01:38
Niki,I Like U,I Like U,10 Apr 2020 01:33
Cuco,Chiquito,Dontmakemefallinlove,10 Apr 2020 01:30
Joji,Sanctuary,Sanctuary,10 Apr 2020 01:27
Calvin Harris,Rollin (Feat. Future & Khalid),Rollin (feat. Future & Khalid),10 Apr 2020 01:22
Khalid,Uncle Drew (Original Motion Picture Soundtrack),Stay,10 Apr 2020 01:19
Mac Miller,The Divine Feminine,My Favorite Part,10 Apr 2020 01:15
UMI,Remember Me,Remember Me,10 Apr 2020 01:12
Rihanna,ANTI (Deluxe),Love on the Brain,10 Apr 2020 01:08
Kaash Paige,Parked Car Convos,Love Songs - Bonus,10 Apr 2020 01:06
BROCKHAMPTON,GINGER,SUGAR,10 Apr 2020 01:02
Ali Gatie,You,it's you,10 Apr 2020 00:59
Mac Miller,Circles,Blue World,10 Apr 2020 00:55
Rihanna,Bitch Better Have My Money,Bitch Better Have My Money,10 Apr 2020 00:51
Cardi B,Money,Money,10 Apr 2020 00:48
Cardi B,Invasion of Privacy,Bodak Yellow,10 Apr 2020 00:44
Ashnikko,Hi It's Me,STUPID (feat. Yung Baby Tate),10 Apr 2020 00:41
Sabrina Carpenter,Singular Act II,Looking at Me,10 Apr 2020 00:38
Doja Cat,Boss Bitch,Boss Bitch,10 Apr 2020 00:36
Doja Cat,Hot Pink,Juicy,10 Apr 2020 00:33
Beyoncé,B'Day,Check On It (feat. Bun B & Slim Thug) - feat. Bun B and Slim Thug,10 Apr 2020 00:29
Doja Cat,Hot Pink,Say So,10 Apr 2020 00:25
Normani,Motivation,Motivation,10 Apr 2020 00:22
Lizzo,Good As Hell,Good as Hell,10 Apr 2020 00:19
Willow,Ardipithecus,Wait a Minute!,10 Apr 2020 00:16
Ariana Grande,Dangerous Woman,Dangerous Woman,10 Apr 2020 00:12
Ariana Grande,Sweetener,God is a woman,10 Apr 2020 00:09
Khalid,American Teen,Coaster,10 Apr 2020 00:05
Post Malone,Stoney (Deluxe),I Fall Apart,10 Apr 2020 00:01
Demi Lovato,Confident (Deluxe Edition),Stone Cold,09 Apr 2020 23:58
Sam Smith,In the Lonely Hour,I've Told You Now,09 Apr 2020 23:54
Sam Smith,In The Lonely Hour (Drowning Shadows Edition),How Will I Know,09 Apr 2020 23:51
Sam Smith,In The Lonely Hour (Drowning Shadows Edition),Not in That Way,09 Apr 2020 23:48
Billie Eilish,WHEN WE ALL FALL ASLEEP WHERE DO WE GO?,listen before i go,09 Apr 2020 23:44
Ariana Grande,thank u next,needy,09 Apr 2020 23:41
Demi Lovato,Sober,Sober,09 Apr 2020 23:38
Khalid,American Teen,Coaster,09 Apr 2020 23:34
Post Malone,Stoney (Deluxe),I Fall Apart,09 Apr 2020 23:30
Khalid,American Teen,Coaster,09 Apr 2020 23:27
Billie Eilish,WHEN WE ALL FALL ASLEEP WHERE DO WE GO?,listen before i go,09 Apr 2020 23:23
Sam Smith,In the Lonely Hour,I've Told You Now,09 Apr 2020 23:20
Ariana Grande,thank u next,needy,09 Apr 2020 23:17
Sam Smith,In the Lonely Hour,I've Told You Now,09 Apr 2020 23:13
Ariana Grande,thank u next,needy,09 Apr 2020 23:10
Rihanna,Bitch Better Have My Money,Bitch Better Have My Money,09 Apr 2020 23:06
Katrina and the Waves,Katrina & the Waves,Walking on Sunshine,09 Apr 2020 23:02
Anna Margaret,StarStruck,Something About the Sunshine,09 Apr 2020 22:59
Adam Lambert,For Your Entertainment,Whataya Want from Me,09 Apr 2020 22:55
5 Seconds of Summer,Sounds Good Feels Good (Deluxe),She's Kinda Hot,09 Apr 2020 22:52
Jonas Brothers,Happiness Begins,Cool,09 Apr 2020 22:49
Avril Lavigne,Goodbye Lullaby (Expanded Edition),What the Hell,09 Apr 2020 22:45
Billie Eilish,WHEN WE ALL FALL ASLEEP WHERE DO WE GO?,listen before i go,09 Apr 2020 22:41
LANY,Make Out,ILYSB - STRIPPED,09 Apr 2020 22:35
5 Seconds of Summer,Sounds Good Feels Good (Deluxe),She's Kinda Hot,09 Apr 2020 22:30
SAINt JHN,Collection One,Roses,09 Apr 2020 22:27
Timbaland,Shock Value,The Way I Are,09 Apr 2020 22:25
Ariana Grande,thank u next,needy,09 Apr 2020 22:22
Billie Eilish,WHEN WE ALL FALL ASLEEP WHERE DO WE GO?,listen before i go,09 Apr 2020 22:19
Normani,Motivation,Motivation,09 Apr 2020 22:16
Lizzo,Good As Hell,Good as Hell,09 Apr 2020 22:14
Willow,Ardipithecus,Wait a Minute!,09 Apr 2020 22:10
Ariana Grande,Dangerous Woman,Dangerous Woman,09 Apr 2020 22:06
Ariana Grande,Sweetener,God is a woman,09 Apr 2020 22:03
Rihanna,Bitch Better Have My Money,Bitch Better Have My Money,09 Apr 2020 22:00
Rihanna,Bitch Better Have My Money,Bitch Better Have My Money,09 Apr 2020 21:57
Megan Thee Stallion,Suga,Savage,09 Apr 2020 21:53
Cardi B,Press,Press,09 Apr 2020 21:51
Beyoncé,Lemonade,Formation,09 Apr 2020 21:48
Ariana Grande,thank u next,7 rings,09 Apr 2020 21:44
Doja Cat,Amala (Deluxe Version),Tia Tamera (feat. Rico Nasty),09 Apr 2020 21:41
Lizzo,Cuz I Love You (Super Deluxe),Truth Hurts,09 Apr 2020 21:38
Ashnikko,Hi It's Me,Working Bitch,09 Apr 2020 21:35
Nicki Minaj,Queen,Chun-Li,09 Apr 2020 21:32
Megan Thee Stallion,Suga,Savage,09 Apr 2020 21:29
City Girls,Girl Code,Act Up,09 Apr 2020 21:27
Rihanna,Bitch Better Have My Money,Bitch Better Have My Money,09 Apr 2020 21:23
City Girls,Girl Code,Act Up,09 Apr 2020 21:20
Rihanna,Bitch Better Have My Money,Bitch Better Have My Money,09 Apr 2020 21:15
Nicki Minaj,Queen,Chun-Li,09 Apr 2020 21:10
Cardi B,Money,Money,09 Apr 2020 21:06
Ariana Grande,Yours Truly,The Way,09 Apr 2020 21:02
SAINt JHN,Collection One,Roses,09 Apr 2020 20:57
SAINt JHN,Ghetto Lenny's Love Songs,Trap,09 Apr 2020 20:53
Rihanna,Bitch Better Have My Money,Bitch Better Have My Money,09 Apr 2020 20:43
Rihanna,Bitch Better Have My Money,Bitch Better Have My Money,09 Apr 2020 20:39
SAINt JHN,Collection One,Roses,09 Apr 2020 20:36
SAINt JHN,Collection One,Roses,09 Apr 2020 20:33
SAINt JHN,Collection One,Roses,09 Apr 2020 20:30
SAINt JHN,Collection One,Roses,09 Apr 2020 20:27
SAINt JHN,Collection One,Roses,09 Apr 2020 20:24
SAINt JHN,Collection One,Roses,09 Apr 2020 20:21
SAINt JHN,Collection One,Roses,09 Apr 2020 20:18
SAINt JHN,Collection One,Roses,09 Apr 2020 18:43
Lana Del Rey,Norman Fucking Rockwell!,Doin' Time,09 Apr 2020 18:40
SAINt JHN,Collection One,Roses,09 Apr 2020 18:36
Ariana Grande,thank u next,needy,09 Apr 2020 18:32
Sam Smith,In The Lonely Hour (Drowning Shadows Edition),How Will I Know,09 Apr 2020 18:28
Sam Smith,In The Lonely Hour (Drowning Shadows Edition),Not in That Way,09 Apr 2020 18:25
Billie Eilish,WHEN WE ALL FALL ASLEEP WHERE DO WE GO?,listen before i go,09 Apr 2020 18:21
Demi Lovato,Sober,Sober,09 Apr 2020 18:18
Gnash,us,I Hate U I Love U (feat. Olivia O'Brien),09 Apr 2020 18:14
Khalid,American Teen,Coaster,09 Apr 2020 18:10
Sam Smith,In the Lonely Hour,I've Told You Now,09 Apr 2020 18:07
Ariana Grande,thank u next,needy,09 Apr 2020 18:04
Billie Eilish,WHEN WE ALL FALL ASLEEP WHERE DO WE GO?,listen before i go,09 Apr 2020 17:59
Khalid,American Teen,Coaster,09 Apr 2020 17:56
Sam Smith,In the Lonely Hour,I've Told You Now,09 Apr 2020 17:51
Ariana Grande,thank u next,needy,09 Apr 2020 17:48
Demi Lovato,Confident (Deluxe Edition),Stone Cold,09 Apr 2020 17:29
Sam Smith,In the Lonely Hour,I've Told You Now,09 Apr 2020 17:26
Ariana Grande,thank u next,needy,09 Apr 2020 17:22
Ariana Grande,thank u next,needy,09 Apr 2020 17:18
Ariana Grande,thank u next,needy,09 Apr 2020 17:15
Sam Smith,In The Lonely Hour (Drowning Shadows Edition),How Will I Know,09 Apr 2020 17:11
Sam Smith,In The Lonely Hour (Drowning Shadows Edition),Not in That Way,09 Apr 2020 17:09
Khalid,American Teen,Coaster,09 Apr 2020 17:03
Khalid,American Teen,Coaster,09 Apr 2020 17:03
Post Malone,Stoney (Deluxe),I Fall Apart,09 Apr 2020 16:56
Billie Eilish,WHEN WE ALL FALL ASLEEP WHERE DO WE GO?,listen before i go,09 Apr 2020 16:52
Billie Eilish,WHEN WE ALL FALL ASLEEP WHERE DO WE GO?,listen before i go,09 Apr 2020 16:48
Billie Eilish,WHEN WE ALL FALL ASLEEP WHERE DO WE GO?,listen before i go,09 Apr 2020 16:44
Cobra Starship,Hot Mess,Good Girls Go Bad (feat. Leighton Meester),09 Apr 2020 16:40
Billie Eilish,WHEN WE ALL FALL ASLEEP WHERE DO WE GO?,listen before i go,09 Apr 2020 16:40